{
    "entries": [
        {
            "name": "Hati",
            "id": 13,
            "guid": 106551,
            "type": "Pet",
            "icon": 211148,
            "total": 496077,
            "totalReduced": 0,
            "activeTime": 0,
            "abilities": [
                {
                    "name": "Kill Command",
                    "total": 330718,
                    "totalReduced": 0,
                    "type": 1
                },
                {
                    "name": "Jaws of Thunder",
                    "total": 165359,
                    "totalReduced": 0,
                    "type": 8
                }
            ],
            "damageAbilities": [],
            "targets": [
                {
                    "name": "Maiden of Vigilance",
                    "total": 496077,
                    "totalReduced": 0,
                    "type": "Boss"
                }
            ]
        },
        {
            "name": "Acebear",
            "id": 4,
            "guid": 175980049,
            "type": "Mage",
            "itemLevel": 915,
            "icon": "Mage-Frost",
            "total": 204823420,
            "activeTime": 245825,
            "activeTimeReduced": 245825,
            "abilities": [
                {
                    "name": "Ice Lance",
                    "total": 87899404,
                    "type": 16
                },
                {
                    "name": "Frostbolt",
                    "total": 54209247,
                    "type": 16
                },
                {
                    "name": "Flurry",
                    "total": 32649633,
                    "type": 16
                },
                {
                    "name": "Ebonbolt",
                    "total": 8861089,
                    "type": 48
                },
                {
                    "name": "Frozen Orb",
                    "total": 6337871,
                    "type": 16
                }
            ],
            "damageAbilities": [],
            "targets": [
                {
                    "name": "Maiden of Vigilance",
                    "total": 204823420,
                    "type": "Boss"
                }
            ],
            "talents": [
                {
                    "name": "Lonely Winter",
                    "guid": 205024,
                    "type": 1,
                    "abilityIcon": "achievement_dungeon_frozenthrone.jpg"
                },
                {
                    "name": "Shimmer",
                    "guid": 212653,
                    "type": 64,
                    "abilityIcon": "spell_arcane_massdispel.jpg"
                },
                {
                    "name": "Incanter's Flow",
                    "guid": 1463,
                    "type": 1,
                    "abilityIcon": "ability_mage_incantersabsorbtion.jpg"
                },
                {
                    "name": "Splitting Ice",
                    "guid": 56377,
                    "type": 1,
                    "abilityIcon": "spell_frost_ice-shards.jpg"
                },
                {
                    "name": "Frigid Winds",
                    "guid": 235224,
                    "type": 1,
                    "abilityIcon": "ability_mage_deepfreeze.jpg"
                },
                {
                    "name": "Unstable Magic",
                    "guid": 157976,
                    "type": 1,
                    "abilityIcon": "spell_mage_unstablemagic.jpg"
                },
                {
                    "name": "Thermal Void",
                    "guid": 155149,
                    "type": 1,
                    "abilityIcon": "spell_mage_thermalvoid.jpg"
                }
            ],
            "gear": [
                {
                    "id": 147147,
                    "slot": 0,
                    "itemLevel": 905,
                    "quality": 4,
                    "icon": "inv_helm_cloth_raidmage_r_01.jpg",
                    "bonusIDs": [
                        3561,
                        1487,
                        3336
                    ],
                    "name": "Crown of the Arcane Tempest"
                },
                {
                    "id": 141506,
                    "slot": 1,
                    "itemLevel": 890,
                    "quality": 4,
                    "icon": "inv_7_0raid_necklace_04a.jpg",
                    "permanentEnchant": 5439,
                    "permanentEnchantName": "Mark of the Hidden Satyr",
                    "bonusIDs": [
                        1808,
                        3466,
                        1502,
                        3337
                    ],
                    "gems": [
                        {
                            "id": 130219,
                            "itemLevel": 110,
                            "icon": "inv_jewelcrafting_70_cutgem03_orange.jpg"
                        }
                    ],
                    "name": "Soultrapper's Pendant"
                },
                {
                    "id": 147150,
                    "slot": 2,
                    "itemLevel": 910,
                    "quality": 4,
                    "icon": "inv_shoulder_cloth_raidmage_r_01.jpg",
                    "permanentEnchant": 5882,
                    "permanentEnchantName": "Manaseeker",
                    "bonusIDs": [
                        3561,
                        1492,
                        3336
                    ],
                    "name": "Mantle of the Arcane Tempest"
                },
                {
                    "id": 0,
                    "slot": 3,
                    "itemLevel": 0,
                    "quality": 1,
                    "icon": "inv_axe_02.jpg"
                },
                {
                    "id": 147149,
                    "slot": 4,
                    "itemLevel": 905,
                    "quality": 4,
                    "icon": "inv_robe_cloth_raidmage_r_01.jpg",
                    "bonusIDs": [
                        3561,
                        1808,
                        1487,
                        3336
                    ],
                    "gems": [
                        {
                            "id": 130248,
                            "itemLevel": 110,
                            "icon": "inv_jewelcrafting_70_saberseye.jpg"
                        }
                    ],
                    "name": "Robes of the Arcane Tempest"
                },
                {
                    "id": 147423,
                    "slot": 5,
                    "itemLevel": 915,
                    "quality": 4,
                    "icon": "inv_belt_cloth_raidpriest_r_01.jpg",
                    "bonusIDs": [
                        3562,
                        1497,
                        3528
                    ],
                    "name": "Sash of the Unredeemed"
                },
                {
                    "id": 147148,
                    "slot": 6,
                    "itemLevel": 910,
                    "quality": 4,
                    "icon": "inv_pant_cloth_raidmage_r_01.jpg",
                    "bonusIDs": [
                        3561,
                        1492,
                        3336
                    ],
                    "name": "Leggings of the Arcane Tempest"
                },
                {
                    "id": 146986,
                    "slot": 7,
                    "itemLevel": 915,
                    "quality": 4,
                    "icon": "inv_boot_cloth_raidwarlock_r_01.jpg",
                    "bonusIDs": [
                        3562,
                        1497,
                        3528
                    ],
                    "name": "Emberscatter Treads"
                },
                {
                    "id": 150467,
                    "slot": 8,
                    "itemLevel": 900,
                    "quality": 4,
                    "icon": "inv_bracer_10.jpg",
                    "bonusIDs": [
                        3589
                    ],
                    "name": "Focused Mana Bindings"
                },
                {
                    "id": 138309,
                    "slot": 9,
                    "itemLevel": 910,
                    "quality": 4,
                    "icon": "inv_glove_cloth_raidmage_q_01.jpg",
                    "bonusIDs": [
                        3516,
                        1507,
                        3337
                    ],
                    "name": "Gloves of Everburning Knowledge"
                },
                {
                    "id": 151642,
                    "slot": 10,
                    "itemLevel": 970,
                    "quality": 5,
                    "icon": "inv_70_raid_ring2d.jpg",
                    "permanentEnchant": 5427,
                    "permanentEnchantName": "+200.006 Critical Strike",
                    "bonusIDs": [
                        3459,
                        3570
                    ],
                    "gems": [
                        {
                            "id": 130219,
                            "itemLevel": 110,
                            "icon": "inv_jewelcrafting_70_cutgem03_orange.jpg"
                        }
                    ],
                    "name": "Soul of the Archmage"
                },
                {
                    "id": 132410,
                    "slot": 11,
                    "itemLevel": 970,
                    "quality": 5,
                    "icon": "inv_6_2raid_ring_2a.jpg",
                    "bonusIDs": [
                        3459,
                        3570
                    ],
                    "gems": [
                        {
                            "id": 130219,
                            "itemLevel": 110,
                            "icon": "inv_jewelcrafting_70_cutgem03_orange.jpg"
                        }
                    ],
                    "name": "Shard of the Exodar"
                },
                {
                    "id": 140809,
                    "slot": 12,
                    "itemLevel": 895,
                    "quality": 4,
                    "icon": "inv_7_0raid_trinket_08c.jpg",
                    "bonusIDs": [
                        3517,
                        1492,
                        3528
                    ],
                    "name": "Whispers in the Dark"
                },
                {
                    "id": 147019,
                    "slot": 13,
                    "itemLevel": 910,
                    "quality": 4,
                    "icon": "inv_archaeology_70_demon_flayedskinchronicle.jpg",
                    "bonusIDs": [
                        3561,
                        1492,
                        3528
                    ],
                    "name": "Tome of Unraveling Sanity"
                },
                {
                    "id": 138365,
                    "slot": 14,
                    "itemLevel": 890,
                    "quality": 4,
                    "icon": "inv_cape_raidmage_q_01.jpg",
                    "permanentEnchant": 5436,
                    "permanentEnchantName": "+200.006 Intellect",
                    "bonusIDs": [
                        3516,
                        1487,
                        1813
                    ],
                    "name": "Cloak of Everburning Knowledge"
                },
                {
                    "id": 128862,
                    "slot": 15,
                    "itemLevel": 925,
                    "quality": 6,
                    "icon": "inv_staff_2h_artifactantonidas_d_01.jpg",
                    "bonusIDs": [
                        731
                    ],
                    "gems": [
                        {
                            "id": 140832,
                            "itemLevel": 900,
                            "icon": "spell_mage_frostbomb.jpg"
                        },
                        {
                            "id": 137490,
                            "itemLevel": 905,
                            "icon": "inv_scroll_10.jpg"
                        },
                        {
                            "id": 147093,
                            "itemLevel": 900,
                            "icon": "shaman_pvp_ripplingwaters.jpg"
                        }
                    ],
                    "name": "Ebonchill"
                },
                {
                    "id": 0,
                    "slot": 16,
                    "itemLevel": 0,
                    "quality": 1,
                    "icon": "inv_axe_02.jpg"
                },
                {
                    "id": 45585,
                    "slot": 17,
                    "itemLevel": 1,
                    "quality": 2,
                    "icon": "inv_misc_tournaments_tabard_bloodelf.jpg",
                    "name": "Silvermoon City Tabard"
                }
            ]
        },
        {
            "name": "Anonybear",
            "id": 8,
            "guid": 177629293,
            "type": "Warlock",
            "itemLevel": 915,
            "icon": "Warlock-Demonology",
            "total": 268986716,
            "totalReduced": 49153567,
            "activeTime": 246404,
            "activeTimeReduced": 214517,
            "abilities": [
                {
                    "name": "Fel Firebolt",
                    "total": 81651674,
                    "totalReduced": 0,
                    "type": 4
                },
                {
                    "name": "Melee",
                    "total": 54180741,
                    "totalReduced": 10207,
                    "type": 1
                },
                {
                    "name": "Thal'kiel's Ascendance",
                    "total": 26234206,
                    "totalReduced": 0,
                    "type": 32
                },
                {
                    "name": "Legion Strike",
                    "total": 24197065,
                    "totalReduced": 0,
                    "type": 1
                },
                {
                    "name": "Doom Bolt",
                    "total": 21588955,
                    "totalReduced": 0,
                    "type": 32,
                    "petName": "Doomguard"
                }
            ],
            "damageAbilities": [],
            "targets": [
                {
                    "name": "Maiden of Vigilance",
                    "total": 268986716,
                    "totalReduced": 49153567,
                    "type": "Boss"
                }
            ],
            "talents": [
                {
                    "name": "Shadowy Inspiration",
                    "guid": 196269,
                    "type": 1,
                    "abilityIcon": "warlock_curse_shadow.jpg"
                },
                {
                    "name": "Improved Dreadstalkers",
                    "guid": 196272,
                    "type": 1,
                    "abilityIcon": "ability_warlock_empoweredimp.jpg"
                },
                {
                    "name": "Mortal Coil",
                    "guid": 6789,
                    "type": 1,
                    "abilityIcon": "ability_warlock_mortalcoil.jpg"
                },
                {
                    "name": "Power Trip",
                    "guid": 196605,
                    "type": 1,
                    "abilityIcon": "spell_shadow_demonictactics.jpg"
                },
                {
                    "name": "Demon Skin",
                    "guid": 219272,
                    "type": 1,
                    "abilityIcon": "spell_shadow_felarmour.jpg"
                },
                {
                    "name": "Grimoire of Service",
                    "guid": 108501,
                    "type": 1,
                    "abilityIcon": "warlock_grimoireofservice.jpg"
                },
                {
                    "name": "Soul Conduit",
                    "guid": 215941,
                    "type": 1,
                    "abilityIcon": "spell_shadow_soulleech_2.jpg"
                }
            ],
            "gear": [
                {
                    "id": 147183,
                    "slot": 0,
                    "itemLevel": 900,
                    "quality": 4,
                    "icon": "inv_helm_cloth_raidwarlock_r_01.jpg",
                    "bonusIDs": [
                        3561,
                        1808,
                        1482,
                        3528
                    ],
                    "gems": [
                        {
                            "id": 130220,
                            "itemLevel": 110,
                            "icon": "inv_jewelcrafting_70_cutgem03_yellow.jpg"
                        }
                    ],
                    "name": "Diabolic Helm"
                },
                {
                    "id": 147013,
                    "slot": 1,
                    "itemLevel": 915,
                    "quality": 4,
                    "icon": "inv_misc_necklace_bone04.jpg",
                    "permanentEnchant": 5437,
                    "permanentEnchantName": "Mark of the Claw",
                    "bonusIDs": [
                        3562,
                        1808,
                        1497,
                        3528
                    ],
                    "gems": [
                        {
                            "id": 130220,
                            "itemLevel": 110,
                            "icon": "inv_jewelcrafting_70_cutgem03_yellow.jpg"
                        }
                    ],
                    "name": "String of Extracted Incisors"
                },
                {
                    "id": 147186,
                    "slot": 2,
                    "itemLevel": 905,
                    "quality": 4,
                    "icon": "inv_shoulder_cloth_raidwarlock_r_01.jpg",
                    "bonusIDs": [
                        3561,
                        1487,
                        3336
                    ],
                    "name": "Diabolic Mantle"
                },
                {
                    "id": 0,
                    "slot": 3,
                    "itemLevel": 0,
                    "quality": 1,
                    "icon": "inv_axe_02.jpg"
                },
                {
                    "id": 151821,
                    "slot": 4,
                    "itemLevel": 970,
                    "quality": 5,
                    "icon": "inv_chest_cloth_raidmage_q_01.jpg",
                    "bonusIDs": [
                        3459,
                        3570
                    ],
                    "name": "The Master Harvester"
                },
                {
                    "id": 134423,
                    "slot": 5,
                    "itemLevel": 920,
                    "quality": 3,
                    "icon": "inv_cloth_legiondungeon_c_01.jpg",
                    "bonusIDs": [
                        3418,
                        1572,
                        3337
                    ],
                    "name": "Poisonroot Belt"
                },
                {
                    "id": 147184,
                    "slot": 6,
                    "itemLevel": 900,
                    "quality": 4,
                    "icon": "inv_pant_cloth_raidwarlock_r_01.jpg",
                    "bonusIDs": [
                        3561,
                        1482,
                        3528
                    ],
                    "name": "Diabolic Leggings"
                },
                {
                    "id": 146987,
                    "slot": 7,
                    "itemLevel": 905,
                    "quality": 4,
                    "icon": "inv_boot_cloth_raidpriest_r_01.jpg",
                    "bonusIDs": [
                        3561,
                        1487,
                        3336
                    ],
                    "name": "Slippers of Enduring Vigilance"
                },
                {
                    "id": 147000,
                    "slot": 8,
                    "itemLevel": 915,
                    "quality": 4,
                    "icon": "inv_bracer_cloth_raidwarlock_r_01.jpg",
                    "bonusIDs": [
                        3562,
                        1497,
                        3528
                    ],
                    "name": "Ravenous Devotee's Bracelets"
                },
                {
                    "id": 147182,
                    "slot": 9,
                    "itemLevel": 905,
                    "quality": 4,
                    "icon": "inv_glove_cloth_raidwarlock_r_01.jpg",
                    "bonusIDs": [
                        3561,
                        42,
                        1487,
                        3336
                    ],
                    "name": "Diabolic Gloves"
                },
                {
                    "id": 132369,
                    "slot": 10,
                    "itemLevel": 970,
                    "quality": 5,
                    "icon": "inv_jewelry_ring_78.jpg",
                    "permanentEnchant": 5428,
                    "permanentEnchantName": "+200.006 Haste",
                    "bonusIDs": [
                        3529,
                        3459,
                        3570
                    ],
                    "gems": [
                        {
                            "id": 130248,
                            "itemLevel": 110,
                            "icon": "inv_jewelcrafting_70_saberseye.jpg"
                        }
                    ],
                    "name": "Wilfred's Sigil of Superior Summoning"
                },
                {
                    "id": 134530,
                    "slot": 11,
                    "itemLevel": 905,
                    "quality": 3,
                    "icon": "inv_70_dungeon_ring6b.jpg",
                    "permanentEnchant": 5428,
                    "permanentEnchantName": "+200.006 Haste",
                    "bonusIDs": [
                        3418,
                        42,
                        1557,
                        3337
                    ],
                    "name": "Loop of Vitriolic Intent"
                },
                {
                    "id": 147276,
                    "slot": 12,
                    "itemLevel": 900,
                    "quality": 2,
                    "icon": "inv_jewelry_talisman_18.jpg",
                    "bonusIDs": [
                        604,
                        3573,
                        3149,
                        3337
                    ],
                    "name": "Spellbinder's Seal"
                },
                {
                    "id": 140809,
                    "slot": 13,
                    "itemLevel": 885,
                    "quality": 4,
                    "icon": "inv_7_0raid_trinket_08c.jpg",
                    "bonusIDs": [
                        3515,
                        1482,
                        3336
                    ],
                    "name": "Whispers in the Dark"
                },
                {
                    "id": 133771,
                    "slot": 14,
                    "itemLevel": 905,
                    "quality": 3,
                    "icon": "inv_cape_legiondungeon_c_04.jpg",
                    "permanentEnchant": 5436,
                    "permanentEnchantName": "+200.006 Intellect",
                    "bonusIDs": [
                        3418,
                        1808,
                        1557,
                        3337
                    ],
                    "gems": [
                        {
                            "id": 130220,
                            "itemLevel": 110,
                            "icon": "inv_jewelcrafting_70_cutgem03_yellow.jpg"
                        }
                    ],
                    "name": "Seacursed Wrap"
                },
                {
                    "id": 137246,
                    "slot": 15,
                    "itemLevel": 925,
                    "quality": 6,
                    "icon": "inv_knife_1h_artifactskulloferedar_d_01.jpg",
                    "name": "Spine of Thal'kiel"
                },
                {
                    "id": 128943,
                    "slot": 16,
                    "itemLevel": 925,
                    "quality": 6,
                    "icon": "inv_offhand_1h_artifactskulloferedar_d_01.jpg",
                    "bonusIDs": [
                        748
                    ],
                    "gems": [
                        {
                            "id": 142310,
                            "itemLevel": 905,
                            "icon": "inv_offhand_stratholme_a_01.jpg"
                        },
                        {
                            "id": 147091,
                            "itemLevel": 900,
                            "icon": "ability_warlock_moltencore.jpg"
                        },
                        {
                            "id": 147755,
                            "itemLevel": 900,
                            "icon": "inv_offhand_sunwell_d_02.jpg"
                        }
                    ],
                    "name": "Skull of the Man'ari"
                },
                {
                    "id": 0,
                    "slot": 17,
                    "itemLevel": 0,
                    "quality": 1,
                    "icon": "inv_axe_02.jpg"
                }
            ],
            "pets": [
                {
                    "name": "Dreadstalker",
                    "id": 20,
                    "guid": 98035,
                    "type": "Pet",
                    "icon": 193331,
                    "total": 32661478,
                    "totalReduced": 0,
                    "activeTime": 183223
                },
                {
                    "name": "Doomguard",
                    "id": 28,
                    "guid": 11859,
                    "type": "Pet",
                    "icon": 60478,
                    "total": 22535544,
                    "totalReduced": 0,
                    "activeTime": 79824
                },
                {
                    "name": "Wild Imp",
                    "id": 24,
                    "guid": 55659,
                    "type": "Pet",
                    "icon": 104317,
                    "total": 70824555,
                    "totalReduced": 0,
                    "activeTime": 210486
                },
                {
                    "name": "Veezekeel",
                    "id": 16,
                    "guid": 41738745,
                    "type": "Pet",
                    "icon": 30146,
                    "total": 42980557,
                    "totalReduced": 0,
                    "activeTime": 236091
                },
                {
                    "name": "Felguard",
                    "id": 22,
                    "guid": 17252,
                    "type": "Pet",
                    "icon": 111898,
                    "total": 24098571,
                    "totalReduced": 0,
                    "activeTime": 81161
                },
                {
                    "name": "Wild Imp",
                    "id": 21,
                    "guid": 99737,
                    "type": "Pet",
                    "icon": 196274,
                    "total": 26732444,
                    "totalReduced": 0,
                    "activeTime": 183230
                }
            ]
        },
        {
            "name": "Brunbear",
            "id": 12,
            "guid": 175689719,
            "type": "Monk",
            "itemLevel": 915,
            "icon": "Monk-Brewmaster",
            "total": 104398452,
            "activeTime": 246317,
            "activeTimeReduced": 246317,
            "abilities": [
                {
                    "name": "Tiger Palm",
                    "total": 30602043,
                    "type": 9
                },
                {
                    "name": "Keg Smash",
                    "total": 18732873,
                    "type": 1
                },
                {
                    "name": "Blackout Strike",
                    "total": 17521212,
                    "type": 1
                },
                {
                    "name": "Rushing Jade Wind",
                    "total": 10043566,
                    "type": 1
                },
                {
                    "name": "Breath of Fire",
                    "total": 9011808,
                    "type": 4
                }
            ],
            "damageAbilities": [],
            "targets": [
                {
                    "name": "Maiden of Vigilance",
                    "total": 104398452,
                    "type": "Boss"
                }
            ],
            "talents": [
                {
                    "name": "Eye of the Tiger",
                    "guid": 196607,
                    "type": 1,
                    "abilityIcon": "ability_druid_primalprecision.jpg"
                },
                {
                    "name": "Celerity",
                    "guid": 115173,
                    "type": 1,
                    "abilityIcon": "ability_monk_quipunch.jpg"
                },
                {
                    "name": "Black Ox Brew",
                    "guid": 115399,
                    "type": 1,
                    "abilityIcon": "ability_monk_chibrew.jpg"
                },
                {
                    "name": "Summon Black Ox Statue",
                    "guid": 115315,
                    "type": 1,
                    "abilityIcon": "monk_ability_summonoxstatue.jpg"
                },
                {
                    "name": "Dampen Harm",
                    "guid": 122278,
                    "type": 1,
                    "abilityIcon": "ability_monk_dampenharm.jpg"
                },
                {
                    "name": "Rushing Jade Wind",
                    "guid": 116847,
                    "type": 8,
                    "abilityIcon": "ability_monk_rushingjadewind.jpg"
                },
                {
                    "name": "Blackout Combo",
                    "guid": 196736,
                    "type": 1,
                    "abilityIcon": "ability_monk_blackoutkick.jpg"
                }
            ],
            "gear": [
                {
                    "id": 147154,
                    "slot": 0,
                    "itemLevel": 900,
                    "quality": 4,
                    "icon": "inv_leather_raidmonk_r_01_helm.jpg",
                    "bonusIDs": [
                        3561,
                        1482,
                        3528
                    ],
                    "name": "Xuen's Helm"
                },
                {
                    "id": 137311,
                    "slot": 1,
                    "itemLevel": 905,
                    "quality": 3,
                    "icon": "inv_7_0raid_necklace_12c.jpg",
                    "permanentEnchant": 5439,
                    "permanentEnchantName": "Mark of the Hidden Satyr",
                    "bonusIDs": [
                        3415,
                        1557,
                        3337
                    ],
                    "name": "Chain of the Green Flight"
                },
                {
                    "id": 147156,
                    "slot": 2,
                    "itemLevel": 920,
                    "quality": 4,
                    "icon": "inv_leather_raidmonk_r_01_shoulder.jpg",
                    "permanentEnchant": 5883,
                    "permanentEnchantName": "Bloodhunter",
                    "bonusIDs": [
                        3561,
                        1502,
                        3337
                    ],
                    "name": "Xuen's Shoulderguards"
                },
                {
                    "id": 0,
                    "slot": 3,
                    "itemLevel": 0,
                    "quality": 1,
                    "icon": "inv_axe_02.jpg"
                },
                {
                    "id": 147151,
                    "slot": 4,
                    "itemLevel": 915,
                    "quality": 4,
                    "icon": "inv_leather_raidmonk_r_01_chest.jpg",
                    "bonusIDs": [
                        3561,
                        1497,
                        3337
                    ],
                    "name": "Xuen's Tunic"
                },
                {
                    "id": 133976,
                    "slot": 5,
                    "itemLevel": 970,
                    "quality": 5,
                    "icon": "inv_leather_raiddruid_m_01belt.jpg",
                    "bonusIDs": [
                        1811,
                        3570
                    ],
                    "name": "Cinidaria, the Symbiote"
                },
                {
                    "id": 138334,
                    "slot": 6,
                    "itemLevel": 915,
                    "quality": 4,
                    "icon": "inv_pant_leather_raidmonk_q_01.jpg",
                    "bonusIDs": [
                        3516,
                        1512,
                        3337
                    ],
                    "name": "Leggings of Enveloped Dissonance"
                },
                {
                    "id": 150511,
                    "slot": 7,
                    "itemLevel": 900,
                    "quality": 4,
                    "icon": "inv_boots_cloth_02.jpg",
                    "bonusIDs": [
                        3589,
                        41
                    ],
                    "name": "Shadowmaster's Boots"
                },
                {
                    "id": 137425,
                    "slot": 8,
                    "itemLevel": 910,
                    "quality": 3,
                    "icon": "inv_bracer_leather_legiondungeon_c_01.jpg",
                    "bonusIDs": [
                        3509,
                        1562,
                        3337
                    ],
                    "name": "Cryptwalker Bracers"
                },
                {
                    "id": 138328,
                    "slot": 9,
                    "itemLevel": 915,
                    "quality": 4,
                    "icon": "inv_glove_leather_raidmonk_q_01.jpg",
                    "bonusIDs": [
                        3516,
                        1512,
                        3337
                    ],
                    "name": "Gloves of Enveloped Dissonance"
                },
                {
                    "id": 133634,
                    "slot": 10,
                    "itemLevel": 905,
                    "quality": 3,
                    "icon": "inv_misc_ring_6_0_013.jpg",
                    "permanentEnchant": 5426,
                    "permanentEnchantName": "+150.005 Versatility",
                    "bonusIDs": [
                        3418,
                        40,
                        1557,
                        3337
                    ],
                    "name": "Grasping Tentacle Loop"
                },
                {
                    "id": 142173,
                    "slot": 11,
                    "itemLevel": 905,
                    "quality": 4,
                    "icon": "inv_70_raid_ring3c.jpg",
                    "permanentEnchant": 5425,
                    "permanentEnchantName": "+150.005 Mastery",
                    "bonusIDs": [
                        3418,
                        1517,
                        3337
                    ],
                    "name": "Ring of Collapsing Futures"
                },
                {
                    "id": 128711,
                    "slot": 12,
                    "itemLevel": 900,
                    "quality": 4,
                    "icon": "70_inscription_deck_immortality.jpg",
                    "bonusIDs": [
                        689,
                        601,
                        679
                    ],
                    "name": "Darkmoon Deck: Immortality"
                },
                {
                    "id": 144249,
                    "slot": 13,
                    "itemLevel": 970,
                    "quality": 5,
                    "icon": "spell_nature_elementalshields.jpg",
                    "bonusIDs": [
                        3459,
                        3570
                    ],
                    "name": "Archimonde's Hatred Reborn"
                },
                {
                    "id": 147152,
                    "slot": 14,
                    "itemLevel": 905,
                    "quality": 4,
                    "icon": "inv_leather_raidmonk_r_01_cape.jpg",
                    "bonusIDs": [
                        3561,
                        1487,
                        3336
                    ],
                    "name": "Xuen's Cloak"
                },
                {
                    "id": 128938,
                    "slot": 15,
                    "itemLevel": 904,
                    "quality": 6,
                    "icon": "inv_staff_2h_artifactmonkeyking_d_01.jpg",
                    "bonusIDs": [
                        732
                    ],
                    "gems": [
                        {
                            "id": 137339,
                            "itemLevel": 870,
                            "icon": "inv_misc_qirajicrystal_03.jpg"
                        },
                        {
                            "id": 136974,
                            "itemLevel": 880,
                            "icon": "spell_lightning_lightningbolt01.jpg"
                        },
                        {
                            "id": 137371,
                            "itemLevel": 885,
                            "icon": "item_earthenmight.jpg"
                        }
                    ],
                    "name": "Fu Zan, the Wanderer's Companion"
                },
                {
                    "id": 0,
                    "slot": 16,
                    "itemLevel": 0,
                    "quality": 1,
                    "icon": "inv_axe_02.jpg"
                },
                {
                    "id": 0,
                    "slot": 17,
                    "itemLevel": 0,
                    "quality": 1,
                    "icon": "inv_axe_02.jpg"
                }
            ]
        },
        {
            "name": "Yellowbear",
            "id": 5,
            "guid": 176681610,
            "type": "Monk",
            "itemLevel": 914,
            "icon": "Monk-Windwalker",
            "total": 230407131,
            "activeTime": 245691,
            "activeTimeReduced": 245691,
            "abilities": [
                {
                    "name": "Rising Sun Kick",
                    "total": 84467028,
                    "type": 1
                },
                {
                    "name": "Fists of Fury",
                    "total": 55023369,
                    "type": 1
                },
                {
                    "name": "Blackout Kick",
                    "total": 21751312,
                    "type": 1
                },
                {
                    "name": "Strike of the Windlord",
                    "total": 20007816,
                    "type": 1
                },
                {
                    "name": "Tiger Palm",
                    "total": 13163683,
                    "type": 9
                }
            ],
            "damageAbilities": [],
            "targets": [
                {
                    "name": "Maiden of Vigilance",
                    "total": 230407131,
                    "type": "Boss"
                }
            ],
            "talents": [
                {
                    "name": "Eye of the Tiger",
                    "guid": 196607,
                    "type": 1,
                    "abilityIcon": "ability_druid_primalprecision.jpg"
                },
                {
                    "name": "Tiger's Lust",
                    "guid": 116841,
                    "type": 1,
                    "abilityIcon": "ability_monk_tigerslust.jpg"
                },
                {
                    "name": "Energizing Elixir",
                    "guid": 115288,
                    "type": 1,
                    "abilityIcon": "ability_monk_energizingwine.jpg"
                },
                {
                    "name": "Leg Sweep",
                    "guid": 119381,
                    "type": 1,
                    "abilityIcon": "ability_monk_legsweep.jpg"
                },
                {
                    "name": "Healing Elixir",
                    "guid": 122281,
                    "type": 8,
                    "abilityIcon": "ability_monk_jasmineforcetea.jpg"
                },
                {
                    "name": "Hit Combo",
                    "guid": 196740,
                    "type": 1,
                    "abilityIcon": "ability_monk_palmstrike.jpg"
                },
                {
                    "name": "Serenity",
                    "guid": 152173,
                    "type": 1,
                    "abilityIcon": "ability_monk_serenity.jpg"
                }
            ],
            "gear": [
                {
                    "id": 147154,
                    "slot": 0,
                    "itemLevel": 910,
                    "quality": 4,
                    "icon": "inv_leather_raidmonk_r_01_helm.jpg",
                    "bonusIDs": [
                        3561,
                        1492,
                        3336
                    ],
                    "name": "Xuen's Helm"
                },
                {
                    "id": 134319,
                    "slot": 1,
                    "itemLevel": 905,
                    "quality": 2,
                    "icon": "inv_7_0raid_necklace_07a.jpg",
                    "permanentEnchant": 5439,
                    "permanentEnchantName": "Mark of the Hidden Satyr",
                    "bonusIDs": [
                        3573,
                        1808,
                        1567,
                        3337
                    ],
                    "gems": [
                        {
                            "id": 130218,
                            "itemLevel": 101,
                            "icon": "inv_jewelcrafting_70_cutgem02_purple.jpg"
                        }
                    ],
                    "name": "Depleted Mana Crystal Pendant"
                },
                {
                    "id": 138337,
                    "slot": 2,
                    "itemLevel": 895,
                    "quality": 4,
                    "icon": "inv_shoulder_leather_raidmonk_q_01.jpg",
                    "permanentEnchant": 5440,
                    "permanentEnchantName": "Scavenging",
                    "bonusIDs": [
                        3516,
                        43,
                        1492,
                        3336
                    ],
                    "name": "Pauldrons of Enveloped Dissonance"
                },
                {
                    "id": 0,
                    "slot": 3,
                    "itemLevel": 0,
                    "quality": 1,
                    "icon": "inv_axe_02.jpg"
                },
                {
                    "id": 138325,
                    "slot": 4,
                    "itemLevel": 890,
                    "quality": 4,
                    "icon": "inv_chest_leather_raidmonk_q_01.jpg",
                    "bonusIDs": [
                        3516,
                        40,
                        1487,
                        3528
                    ],
                    "name": "Tunic of Enveloped Dissonance"
                },
                {
                    "id": 133976,
                    "slot": 5,
                    "itemLevel": 970,
                    "quality": 5,
                    "icon": "inv_leather_raiddruid_m_01belt.jpg",
                    "bonusIDs": [
                        1811,
                        3570
                    ],
                    "name": "Cinidaria, the Symbiote"
                },
                {
                    "id": 147155,
                    "slot": 6,
                    "itemLevel": 900,
                    "quality": 4,
                    "icon": "inv_leather_raidmonk_r_01_pant.jpg",
                    "bonusIDs": [
                        3561,
                        1482,
                        3528
                    ],
                    "name": "Xuen's Legguards"
                },
                {
                    "id": 147030,
                    "slot": 7,
                    "itemLevel": 900,
                    "quality": 4,
                    "icon": "inv_boot_leather_raidrogue_r_01.jpg",
                    "bonusIDs": [
                        3561,
                        42,
                        1482,
                        3528
                    ],
                    "name": "Felscape Pathfinders"
                },
                {
                    "id": 137097,
                    "slot": 8,
                    "itemLevel": 970,
                    "quality": 5,
                    "icon": "inv_bracer_26.jpg",
                    "bonusIDs": [
                        3529,
                        3459,
                        3570
                    ],
                    "name": "Drinking Horn Cover"
                },
                {
                    "id": 147153,
                    "slot": 9,
                    "itemLevel": 915,
                    "quality": 4,
                    "icon": "inv_leather_raidmonk_r_01_glove.jpg",
                    "bonusIDs": [
                        3561,
                        1497,
                        3337
                    ],
                    "name": "Xuen's Gauntlets"
                },
                {
                    "id": 150524,
                    "slot": 10,
                    "itemLevel": 900,
                    "quality": 4,
                    "icon": "inv_jewelry_ring_67.jpg",
                    "permanentEnchant": 5429,
                    "permanentEnchantName": "+200.006 Mastery",
                    "bonusIDs": [
                        3589
                    ],
                    "name": "Stormrage Signet Ring"
                },
                {
                    "id": 147194,
                    "slot": 11,
                    "itemLevel": 905,
                    "quality": 4,
                    "icon": "inv_70_quest_ring7b.jpg",
                    "permanentEnchant": 5429,
                    "permanentEnchantName": "+200.006 Mastery",
                    "bonusIDs": [
                        3561,
                        1487,
                        3336
                    ],
                    "name": "Band of Rescinded Truths"
                },
                {
                    "id": 147015,
                    "slot": 12,
                    "itemLevel": 915,
                    "quality": 4,
                    "icon": "inv_relics_warpring.jpg",
                    "bonusIDs": [
                        3561,
                        1497,
                        3337
                    ],
                    "name": "Engine of Eradication"
                },
                {
                    "id": 140806,
                    "slot": 13,
                    "itemLevel": 895,
                    "quality": 4,
                    "icon": "ability_bossmagistrix_timewarp1.jpg",
                    "bonusIDs": [
                        3516,
                        41,
                        1492,
                        3336
                    ],
                    "name": "Convergence of Fates"
                },
                {
                    "id": 147152,
                    "slot": 14,
                    "itemLevel": 905,
                    "quality": 4,
                    "icon": "inv_leather_raidmonk_r_01_cape.jpg",
                    "permanentEnchant": 5435,
                    "permanentEnchantName": "+200.006 Agility",
                    "bonusIDs": [
                        3561,
                        1487,
                        3336
                    ],
                    "name": "Xuen's Cloak"
                },
                {
                    "id": 128940,
                    "slot": 15,
                    "itemLevel": 928,
                    "quality": 6,
                    "icon": "inv_hand_1h_artifactskywall_d_01.jpg",
                    "bonusIDs": [
                        734
                    ],
                    "gems": [
                        {
                            "id": 147113,
                            "itemLevel": 905,
                            "icon": "inv_misc_gem_pearl_13.jpg"
                        },
                        {
                            "id": 147101,
                            "itemLevel": 900,
                            "icon": "inv_jewelcrafting_gem_17.jpg"
                        },
                        {
                            "id": 140840,
                            "itemLevel": 910,
                            "icon": "inv_misc_bone_09.jpg"
                        }
                    ],
                    "name": "Fists of the Heavens"
                },
                {
                    "id": 133948,
                    "slot": 16,
                    "itemLevel": 928,
                    "quality": 6,
                    "icon": "inv_hand_1h_artifactskywall_d_01.jpg",
                    "name": "Fists of the Heavens"
                },
                {
                    "id": 0,
                    "slot": 17,
                    "itemLevel": 0,
                    "quality": 1,
                    "icon": "inv_axe_02.jpg"
                }
            ]
        },
        {
            "name": "Kylio",
            "id": 1,
            "guid": 114442792,
            "type": "Hunter",
            "itemLevel": 914,
            "icon": "Hunter-BeastMastery",
            "total": 200843261,
            "totalReduced": 62887521,
            "activeTime": 246446,
            "activeTimeReduced": 245395,
            "abilities": [
                {
                    "name": "Kill Command",
                    "total": 49833954,
                    "totalReduced": 0,
                    "type": 1
                },
                {
                    "name": "Cobra Shot",
                    "total": 40084856,
                    "type": 1
                },
                {
                    "name": "Melee",
                    "total": 29256272,
                    "totalReduced": 0,
                    "type": 1
                },
                {
                    "name": "Bite",
                    "total": 18214171,
                    "totalReduced": 0,
                    "type": 1,
                    "petName": "Feathermane"
                },
                {
                    "name": "Stomp",
                    "total": 12359482,
                    "totalReduced": 0,
                    "type": 1,
                    "petName": "Beast"
                }
            ],
            "damageAbilities": [],
            "targets": [
                {
                    "name": "Maiden of Vigilance",
                    "total": 200843261,
                    "totalReduced": 62887521,
                    "type": "Boss"
                }
            ],
            "talents": [
                {
                    "name": "Way of the Cobra",
                    "guid": 194397,
                    "type": 1,
                    "abilityIcon": "ability_hunter_cobrastrikes.jpg"
                },
                {
                    "name": "Stomp",
                    "guid": 199530,
                    "type": 1,
                    "abilityIcon": "warrior_talent_icon_thunderstruck.jpg"
                },
                {
                    "name": "Posthaste",
                    "guid": 109215,
                    "type": 1,
                    "abilityIcon": "ability_hunter_posthaste.jpg"
                },
                {
                    "name": "Blink Strikes",
                    "guid": 130392,
                    "type": 1,
                    "abilityIcon": "spell_arcane_arcane04.jpg"
                },
                {
                    "name": "Binding Shot",
                    "guid": 109248,
                    "type": 1,
                    "abilityIcon": "spell_shaman_bindelemental.jpg"
                },
                {
                    "name": "A Murder of Crows",
                    "guid": 131894,
                    "type": 1,
                    "abilityIcon": "ability_hunter_murderofcrows.jpg"
                },
                {
                    "name": "Killer Cobra",
                    "guid": 199532,
                    "type": 1,
                    "abilityIcon": "ability_hunter_snaketrap.jpg"
                }
            ],
            "gear": [
                {
                    "id": 140870,
                    "slot": 0,
                    "itemLevel": 890,
                    "quality": 4,
                    "icon": "inv_helm_mail_raidshaman_q_01.jpg",
                    "bonusIDs": [
                        3516,
                        1487,
                        3528
                    ],
                    "name": "Architect's Coif of Despair"
                },
                {
                    "id": 147765,
                    "slot": 1,
                    "itemLevel": 905,
                    "quality": 4,
                    "icon": "inv_jewelry_necklace_42.jpg",
                    "bonusIDs": [
                        3572,
                        1487,
                        3336
                    ],
                    "name": "Clasp of Burning Demise"
                },
                {
                    "id": 147053,
                    "slot": 2,
                    "itemLevel": 900,
                    "quality": 4,
                    "icon": "inv_shoulder_mail_raidhunter_r_01.jpg",
                    "bonusIDs": [
                        3561,
                        1808,
                        1482,
                        3528
                    ],
                    "name": "Pauldrons of the Gibbering Eye"
                },
                {
                    "id": 52019,
                    "slot": 3,
                    "itemLevel": 1,
                    "quality": 2,
                    "icon": "inv_misc_ribbon_01.jpg",
                    "name": "Precious' Ribbon"
                },
                {
                    "id": 147139,
                    "slot": 4,
                    "itemLevel": 925,
                    "quality": 4,
                    "icon": "inv_chest_mail_raidhunter_r_01.jpg",
                    "bonusIDs": [
                        3561,
                        1507,
                        3337
                    ],
                    "name": "Wildstalker Chestguard"
                },
                {
                    "id": 147056,
                    "slot": 5,
                    "itemLevel": 900,
                    "quality": 4,
                    "icon": "inv_belt_mail_raidshaman_r_01.jpg",
                    "bonusIDs": [
                        3561,
                        1482,
                        3528
                    ],
                    "name": "Waistguard of Interminable Unity"
                },
                {
                    "id": 147143,
                    "slot": 6,
                    "itemLevel": 900,
                    "quality": 4,
                    "icon": "inv_pant_mail_raidhunter_r_01.jpg",
                    "bonusIDs": [
                        3561,
                        1482,
                        3528
                    ],
                    "name": "Wildstalker Leggings"
                },
                {
                    "id": 147426,
                    "slot": 7,
                    "itemLevel": 905,
                    "quality": 4,
                    "icon": "inv_boot_mail_raidhunter_r_01.jpg",
                    "bonusIDs": [
                        3561,
                        1487,
                        3336
                    ],
                    "name": "Treads of Panicked Escape"
                },
                {
                    "id": 147057,
                    "slot": 8,
                    "itemLevel": 905,
                    "quality": 4,
                    "icon": "inv_bracer_mail_raidhunter_r_01.jpg",
                    "bonusIDs": [
                        3561,
                        1487,
                        3336
                    ],
                    "name": "Pain-Singed Armguards"
                },
                {
                    "id": 147141,
                    "slot": 9,
                    "itemLevel": 890,
                    "quality": 4,
                    "icon": "inv_glove_mail_raidhunter_r_01.jpg",
                    "bonusIDs": [
                        3564,
                        1472,
                        3336
                    ],
                    "name": "Wildstalker Gauntlets"
                },
                {
                    "id": 137382,
                    "slot": 10,
                    "itemLevel": 970,
                    "quality": 5,
                    "icon": "inv_jewelry_ring_100.jpg",
                    "permanentEnchant": 5429,
                    "permanentEnchantName": "+200.006 Mastery",
                    "bonusIDs": [
                        1811,
                        3570
                    ],
                    "gems": [
                        {
                            "id": 130222,
                            "itemLevel": 110,
                            "icon": "inv_jewelcrafting_70_cutgem03_purple.jpg"
                        }
                    ],
                    "name": "The Apex Predator's Claw"
                },
                {
                    "id": 151641,
                    "slot": 11,
                    "itemLevel": 970,
                    "quality": 5,
                    "icon": "inv_70_quest_ring8a.jpg",
                    "bonusIDs": [
                        1811,
                        3570
                    ],
                    "gems": [
                        {
                            "id": 130222,
                            "itemLevel": 110,
                            "icon": "inv_jewelcrafting_70_cutgem03_purple.jpg"
                        }
                    ],
                    "name": "Soul of the Huntmaster"
                },
                {
                    "id": 147015,
                    "slot": 12,
                    "itemLevel": 900,
                    "quality": 4,
                    "icon": "inv_relics_warpring.jpg",
                    "bonusIDs": [
                        3561,
                        1482,
                        3528
                    ],
                    "name": "Engine of Eradication"
                },
                {
                    "id": 140798,
                    "slot": 13,
                    "itemLevel": 890,
                    "quality": 4,
                    "icon": "spell_deathknight_necroticplague.jpg",
                    "bonusIDs": [
                        3516,
                        1487,
                        3528
                    ],
                    "name": "Icon of Rot"
                },
                {
                    "id": 147140,
                    "slot": 14,
                    "itemLevel": 900,
                    "quality": 4,
                    "icon": "inv_cape_raidhunter_r_01.jpg",
                    "bonusIDs": [
                        3561,
                        1482,
                        3528
                    ],
                    "name": "Wildstalker Cape"
                },
                {
                    "id": 128861,
                    "slot": 15,
                    "itemLevel": 937,
                    "quality": 6,
                    "icon": "inv_firearm_2h_artifactlegion_d_01.jpg",
                    "bonusIDs": [
                        726
                    ],
                    "gems": [
                        {
                            "id": 147113,
                            "itemLevel": 900,
                            "icon": "inv_misc_gem_pearl_13.jpg"
                        },
                        {
                            "id": 147076,
                            "itemLevel": 915,
                            "icon": "inv_offhand_1h_draenorcrafted_d_02b.jpg"
                        },
                        {
                            "id": 147100,
                            "itemLevel": 930,
                            "icon": "inv_misc_food_legion_seashellh4.jpg"
                        }
                    ],
                    "name": "Titanstrike"
                },
                {
                    "id": 0,
                    "slot": 16,
                    "itemLevel": 0,
                    "quality": 1,
                    "icon": "inv_axe_02.jpg"
                },
                {
                    "id": 0,
                    "slot": 17,
                    "itemLevel": 0,
                    "quality": 1,
                    "icon": "inv_axe_02.jpg"
                }
            ],
            "pets": [
                {
                    "name": "Hati",
                    "id": 14,
                    "guid": 106551,
                    "type": "Pet",
                    "icon": 211148,
                    "total": 24365764,
                    "totalReduced": 0,
                    "activeTime": 245530
                },
                {
                    "name": "Beast",
                    "id": 15,
                    "guid": 62005,
                    "type": "Pet",
                    "icon": 132764,
                    "total": 25213225,
                    "totalReduced": 0,
                    "activeTime": 243783
                },
                {
                    "name": "Sneaky Snake",
                    "id": 23,
                    "guid": 121661,
                    "type": "Pet",
                    "icon": 243042,
                    "total": 7795866,
                    "totalReduced": 0,
                    "activeTime": 34547
                },
                {
                    "name": "Feathermane",
                    "id": 3,
                    "guid": 41608943,
                    "type": "Pet",
                    "icon": 83243,
                    "total": 80580885,
                    "totalReduced": 0,
                    "activeTime": 246446
                }
            ]
        },
        {
            "name": "Spicybear",
            "id": 10,
            "guid": 173777025,
            "type": "Warrior",
            "itemLevel": 911,
            "icon": "Warrior-Protection",
            "total": 65022507,
            "activeTime": 245690,
            "activeTimeReduced": 245690,
            "abilities": [
                {
                    "name": "Shield Slam",
                    "total": 21458735,
                    "type": 1
                },
                {
                    "name": "Devastate",
                    "total": 9527178,
                    "type": 1
                },
                {
                    "name": "Thunder Clap",
                    "total": 7994383,
                    "type": 1
                },
                {
                    "name": "Deep Wounds",
                    "total": 7763565,
                    "type": 1
                },
                {
                    "name": "Revenge",
                    "total": 7603949,
                    "type": 1
                }
            ],
            "damageAbilities": [],
            "targets": [
                {
                    "name": "Maiden of Vigilance",
                    "total": 65022507,
                    "type": "Boss"
                }
            ],
            "talents": [
                {
                    "name": "Shockwave",
                    "guid": 46968,
                    "type": 1,
                    "abilityIcon": "ability_warrior_shockwave.jpg"
                },
                {
                    "name": "Inspiring Presence",
                    "guid": 205484,
                    "type": 1,
                    "abilityIcon": "ability_toughness.jpg"
                },
                {
                    "name": "Best Served Cold",
                    "guid": 202560,
                    "type": 1,
                    "abilityIcon": "ability_warrior_revenge.jpg"
                },
                {
                    "name": "Bounding Stride",
                    "guid": 202163,
                    "type": 1,
                    "abilityIcon": "ability_heroicleap.jpg"
                },
                {
                    "name": "Indomitable",
                    "guid": 202095,
                    "type": 1,
                    "abilityIcon": "ability_warrior_intensifyrage.jpg"
                },
                {
                    "name": "Vengeance",
                    "guid": 202572,
                    "type": 1,
                    "abilityIcon": "ability_warrior_unrelentingassault.jpg"
                },
                {
                    "name": "Heavy Repercussions",
                    "guid": 203177,
                    "type": 1,
                    "abilityIcon": "inv_shield_32.jpg"
                }
            ],
            "gear": [
                {
                    "id": 147063,
                    "slot": 0,
                    "itemLevel": 900,
                    "quality": 4,
                    "icon": "inv_helm_plate_raiddeathknight_r_01.jpg",
                    "bonusIDs": [
                        3561,
                        1482,
                        3528
                    ],
                    "name": "Armet of the Rotten Mind"
                },
                {
                    "id": 147013,
                    "slot": 1,
                    "itemLevel": 900,
                    "quality": 4,
                    "icon": "inv_misc_necklace_bone04.jpg",
                    "permanentEnchant": 5889,
                    "permanentEnchantName": "Mark of the Heavy Hide",
                    "bonusIDs": [
                        3561,
                        41,
                        1482,
                        3528
                    ],
                    "name": "String of Extracted Incisors"
                },
                {
                    "id": 143728,
                    "slot": 2,
                    "itemLevel": 970,
                    "quality": 5,
                    "icon": "inv_shoulder_plate_dungeonplate_c_06.jpg",
                    "permanentEnchant": 5441,
                    "permanentEnchantName": "Gemfinding",
                    "bonusIDs": [
                        3459,
                        3570
                    ],
                    "name": "Timeless Stratagem"
                },
                {
                    "id": 0,
                    "slot": 3,
                    "itemLevel": 0,
                    "quality": 1,
                    "icon": "inv_axe_02.jpg"
                },
                {
                    "id": 147187,
                    "slot": 4,
                    "itemLevel": 885,
                    "quality": 4,
                    "icon": "inv_chest_plate_raidwarrior_r_01.jpg",
                    "bonusIDs": [
                        3564,
                        1467,
                        3528
                    ],
                    "name": "Titanic Onslaught Breastplate"
                },
                {
                    "id": 150494,
                    "slot": 5,
                    "itemLevel": 915,
                    "quality": 4,
                    "icon": "inv_belt_27.jpg",
                    "bonusIDs": [
                        3589,
                        3590,
                        1808
                    ],
                    "gems": [
                        {
                            "id": 130220,
                            "itemLevel": 110,
                            "icon": "inv_jewelcrafting_70_cutgem03_yellow.jpg"
                        }
                    ],
                    "name": "Girdle of Mighty Resolve"
                },
                {
                    "id": 147191,
                    "slot": 6,
                    "itemLevel": 900,
                    "quality": 4,
                    "icon": "inv_pant_plate_raidwarrior_r_01.jpg",
                    "bonusIDs": [
                        3561,
                        1482,
                        3528
                    ],
                    "name": "Titanic Onslaught Greaves"
                },
                {
                    "id": 147059,
                    "slot": 7,
                    "itemLevel": 900,
                    "quality": 4,
                    "icon": "inv_boot_plate_raidwarrior_r_01.jpg",
                    "bonusIDs": [
                        3561,
                        1482,
                        3528
                    ],
                    "name": "Iron Ballast Sabatons"
                },
                {
                    "id": 137107,
                    "slot": 8,
                    "itemLevel": 970,
                    "quality": 5,
                    "icon": "inv_bracer_plate_pvpwarrior_d_01.jpg",
                    "bonusIDs": [
                        1811,
                        3570
                    ],
                    "name": "Mannoroth's Bloodletting Manacles"
                },
                {
                    "id": 147189,
                    "slot": 9,
                    "itemLevel": 915,
                    "quality": 4,
                    "icon": "inv_glove_plate_raidwarrior_r_01.jpg",
                    "permanentEnchant": 5445,
                    "permanentEnchantName": "Legion Mining",
                    "bonusIDs": [
                        3561,
                        1808,
                        1497,
                        3337
                    ],
                    "gems": [
                        {
                            "id": 130220,
                            "itemLevel": 110,
                            "icon": "inv_jewelcrafting_70_cutgem03_yellow.jpg"
                        }
                    ],
                    "name": "Titanic Onslaught Handguards"
                },
                {
                    "id": 147766,
                    "slot": 10,
                    "itemLevel": 905,
                    "quality": 4,
                    "icon": "inv_70_raid_ring6c.jpg",
                    "permanentEnchant": 5428,
                    "permanentEnchantName": "+200.006 Haste",
                    "bonusIDs": [
                        3572,
                        1487,
                        3336
                    ],
                    "name": "Band of Dark Millennia"
                },
                {
                    "id": 134534,
                    "slot": 11,
                    "itemLevel": 895,
                    "quality": 3,
                    "icon": "inv_70_dungeon_ring4b.jpg",
                    "bonusIDs": [
                        3415,
                        1547,
                        3337
                    ],
                    "name": "Dingy Wedding Band"
                },
                {
                    "id": 139102,
                    "slot": 12,
                    "itemLevel": 880,
                    "quality": 2,
                    "icon": "inv_bracer_robe_raidpriest_k_01.jpg",
                    "bonusIDs": [
                        3573,
                        607,
                        1542,
                        3528
                    ],
                    "name": "An'she's Invigoring Charm"
                },
                {
                    "id": 147022,
                    "slot": 13,
                    "itemLevel": 885,
                    "quality": 4,
                    "icon": "inv_misc_scales_basilliskgreen.jpg",
                    "bonusIDs": [
                        3564,
                        1467,
                        3528
                    ],
                    "name": "Feverish Carapace"
                },
                {
                    "id": 147188,
                    "slot": 14,
                    "itemLevel": 910,
                    "quality": 4,
                    "icon": "inv_cape_raidwarrior_r_01.jpg",
                    "permanentEnchant": 5434,
                    "permanentEnchantName": "+200.006 Strength",
                    "bonusIDs": [
                        3564,
                        1808,
                        1492,
                        3337
                    ],
                    "gems": [
                        {
                            "id": 130220,
                            "itemLevel": 110,
                            "icon": "inv_jewelcrafting_70_cutgem03_yellow.jpg"
                        }
                    ],
                    "name": "Titanic Onslaught Cloak"
                },
                {
                    "id": 128288,
                    "slot": 15,
                    "itemLevel": 927,
                    "quality": 6,
                    "icon": "inv_sword_1h_artifactmagnar_d_01.jpg",
                    "name": "Scaleshard"
                },
                {
                    "id": 128289,
                    "slot": 16,
                    "itemLevel": 927,
                    "quality": 6,
                    "icon": "inv_shield_1h_artifactmagnar_d_01.jpg",
                    "bonusIDs": [
                        752
                    ],
                    "gems": [
                        {
                            "id": 147102,
                            "itemLevel": 915,
                            "icon": "inv_gizmo_mithrilcasing_02.jpg"
                        },
                        {
                            "id": 151189,
                            "itemLevel": 905,
                            "icon": "spell_shadow_lifedrain.jpg"
                        },
                        {
                            "id": 144460,
                            "itemLevel": 895,
                            "icon": "spell_fire_ragnaros_lavabolt.jpg"
                        }
                    ],
                    "name": "Scale of the Earth-Warder"
                },
                {
                    "id": 0,
                    "slot": 17,
                    "itemLevel": 0,
                    "quality": 1,
                    "icon": "inv_axe_02.jpg"
                }
            ]
        },
        {
            "name": "Trapbear",
            "id": 7,
            "guid": 180363654,
            "type": "Warrior",
            "itemLevel": 914,
            "icon": "Warrior-Arms",
            "total": 215960213,
            "activeTime": 231136,
            "activeTimeReduced": 231136,
            "abilities": [
                {
                    "name": "Mortal Strike",
                    "total": 57166478,
                    "type": 1
                },
                {
                    "name": "Rend",
                    "total": 40756078,
                    "type": 1
                },
                {
                    "name": "Slam",
                    "total": 27369804,
                    "type": 1
                },
                {
                    "name": "Execute",
                    "total": 24291123,
                    "type": 1
                },
                {
                    "name": "Colossus Smash",
                    "total": 17177865,
                    "type": 1
                }
            ],
            "damageAbilities": [],
            "targets": [
                {
                    "name": "Maiden of Vigilance",
                    "total": 215960213,
                    "type": "Boss"
                }
            ],
            "talents": [
                {
                    "name": "Dauntless",
                    "guid": 202297,
                    "type": 1,
                    "abilityIcon": "ability_warrior_unrelentingassault.jpg"
                },
                {
                    "name": "Double Time",
                    "guid": 103827,
                    "type": 1,
                    "abilityIcon": "inv_misc_horn_04.jpg"
                },
                {
                    "name": "Rend",
                    "guid": 772,
                    "type": 1,
                    "abilityIcon": "ability_gouge.jpg"
                },
                {
                    "name": "Bounding Stride",
                    "guid": 202163,
                    "type": 1,
                    "abilityIcon": "ability_heroicleap.jpg"
                },
                {
                    "name": "Titanic Might",
                    "guid": 202612,
                    "type": 1,
                    "abilityIcon": "ability_warrior_colossussmash.jpg"
                },
                {
                    "name": "In For The Kill",
                    "guid": 248621,
                    "type": 1,
                    "abilityIcon": "ability_blackhand_marked4death.jpg"
                },
                {
                    "name": "Opportunity Strikes",
                    "guid": 203179,
                    "type": 1,
                    "abilityIcon": "ability_backstab.jpg"
                }
            ],
            "gear": [
                {
                    "id": 145263,
                    "slot": 0,
                    "itemLevel": 910,
                    "quality": 3,
                    "icon": "inv_helm_plate_legiondungeon_c_02.jpg",
                    "bonusIDs": [
                        3573,
                        1713,
                        1572,
                        3337
                    ],
                    "name": "Cruel Combatant's Plate Helm"
                },
                {
                    "id": 133636,
                    "slot": 1,
                    "itemLevel": 890,
                    "quality": 3,
                    "icon": "inv_7_0raid_necklace_13a.jpg",
                    "permanentEnchant": 5890,
                    "permanentEnchantName": "Mark of the Trained Soldier",
                    "bonusIDs": [
                        3418,
                        1542,
                        3528
                    ],
                    "name": "Brysngamen, Torc of Helheim"
                },
                {
                    "id": 142128,
                    "slot": 2,
                    "itemLevel": 905,
                    "quality": 4,
                    "icon": "inv_shoulder_plate_legionendgame_c_01.jpg",
                    "bonusIDs": [
                        3418,
                        1517,
                        3337
                    ],
                    "name": "Pauldrons of Encroaching Limits"
                },
                {
                    "id": 0,
                    "slot": 3,
                    "itemLevel": 0,
                    "quality": 1,
                    "icon": "inv_axe_02.jpg"
                },
                {
                    "id": 134500,
                    "slot": 4,
                    "itemLevel": 905,
                    "quality": 3,
                    "icon": "inv_chest_plate_legiondungeon_c_01.jpg",
                    "bonusIDs": [
                        3418,
                        1557,
                        3337
                    ],
                    "name": "Breastplate of Preservation"
                },
                {
                    "id": 147753,
                    "slot": 5,
                    "itemLevel": 915,
                    "quality": 4,
                    "icon": "inv_belt_plate_raidwarrior_r_01.jpg",
                    "bonusIDs": [
                        3572,
                        1497,
                        3337
                    ],
                    "name": "Reaver's Rattling Girdle"
                },
                {
                    "id": 150554,
                    "slot": 6,
                    "itemLevel": 900,
                    "quality": 4,
                    "icon": "inv_pants_plate_27.jpg",
                    "bonusIDs": [
                        3589
                    ],
                    "name": "Onslaught Legguards"
                },
                {
                    "id": 147059,
                    "slot": 7,
                    "itemLevel": 910,
                    "quality": 4,
                    "icon": "inv_boot_plate_raidwarrior_r_01.jpg",
                    "bonusIDs": [
                        3561,
                        1492,
                        3336
                    ],
                    "name": "Iron Ballast Sabatons"
                },
                {
                    "id": 147073,
                    "slot": 8,
                    "itemLevel": 900,
                    "quality": 4,
                    "icon": "inv_bracer_plate_raiddeathknight_r_01.jpg",
                    "bonusIDs": [
                        3561,
                        1482,
                        3528
                    ],
                    "name": "Bonemeal-Crusted Armplates"
                },
                {
                    "id": 137060,
                    "slot": 9,
                    "itemLevel": 970,
                    "quality": 5,
                    "icon": "inv_gloves_plate_raidwarrior_m_01.jpg",
                    "bonusIDs": [
                        1811,
                        3570
                    ],
                    "name": "Archavon's Heavy Hand"
                },
                {
                    "id": 140897,
                    "slot": 10,
                    "itemLevel": 895,
                    "quality": 4,
                    "icon": "inv_70_raid_ring2b.jpg",
                    "permanentEnchant": 5429,
                    "permanentEnchantName": "+200.006 Mastery",
                    "bonusIDs": [
                        3517,
                        1492,
                        3528
                    ],
                    "name": "Ring of the Scoured Clan"
                },
                {
                    "id": 137052,
                    "slot": 11,
                    "itemLevel": 970,
                    "quality": 5,
                    "icon": "inv_misc_ring_firelands_1.jpg",
                    "permanentEnchant": 5429,
                    "permanentEnchantName": "+200.006 Mastery",
                    "bonusIDs": [
                        1811,
                        3570
                    ],
                    "gems": [
                        {
                            "id": 130246,
                            "itemLevel": 110,
                            "icon": "inv_jewelcrafting_70_saberseye.jpg"
                        }
                    ],
                    "name": "Ayala's Stone Heart"
                },
                {
                    "id": 147011,
                    "slot": 12,
                    "itemLevel": 915,
                    "quality": 4,
                    "icon": "inv_potionc_5.jpg",
                    "bonusIDs": [
                        3561,
                        1497,
                        3337
                    ],
                    "name": "Vial of Ceaseless Toxins"
                },
                {
                    "id": 141482,
                    "slot": 13,
                    "itemLevel": 880,
                    "quality": 4,
                    "icon": "inv_datacrystal04.jpg",
                    "bonusIDs": [
                        3573,
                        1492,
                        3528
                    ],
                    "name": "Unstable Arcanocrystal"
                },
                {
                    "id": 138374,
                    "slot": 14,
                    "itemLevel": 900,
                    "quality": 4,
                    "icon": "inv_cape_raidwarrior_q_01.jpg",
                    "bonusIDs": [
                        3516,
                        1497,
                        3336
                    ],
                    "name": "Greatcloak of the Obsidian Aspect"
                },
                {
                    "id": 128910,
                    "slot": 15,
                    "itemLevel": 934,
                    "quality": 6,
                    "icon": "inv_sword_2h_artifactarathor_d_01.jpg",
                    "bonusIDs": [
                        750
                    ],
                    "gems": [
                        {
                            "id": 137472,
                            "itemLevel": 915,
                            "icon": "inv_misc_powder_iron.jpg"
                        },
                        {
                            "id": 137363,
                            "itemLevel": 900,
                            "icon": "ability_warrior_bloodbath.jpg"
                        },
                        {
                            "id": 147109,
                            "itemLevel": 920,
                            "icon": "inv_misc_eye_02.jpg"
                        }
                    ],
                    "name": "Strom'kar, the Warbreaker"
                },
                {
                    "id": 0,
                    "slot": 16,
                    "itemLevel": 0,
                    "quality": 1,
                    "icon": "inv_axe_02.jpg"
                },
                {
                    "id": 0,
                    "slot": 17,
                    "itemLevel": 0,
                    "quality": 1,
                    "icon": "inv_axe_02.jpg"
                }
            ]
        },
        {
            "name": "Currynoodles",
            "id": 9,
            "guid": 148175685,
            "type": "Monk",
            "itemLevel": 905,
            "icon": "Monk-Windwalker",
            "total": 143969668,
            "totalReduced": 102196105,
            "activeTime": 200816,
            "activeTimeReduced": 200474,
            "abilities": [
                {
                    "name": "Rising Sun Kick",
                    "total": 19033753,
                    "type": 1
                },
                {
                    "name": "Fists of Fury",
                    "total": 14483886,
                    "type": 1
                },
                {
                    "name": "Touch of Karma",
                    "total": 14466375,
                    "type": 8
                },
                {
                    "name": "Blackout Kick",
                    "total": 13676184,
                    "type": 1
                },
                {
                    "name": "Blackout Kick",
                    "total": 12245009,
                    "totalReduced": 0,
                    "type": 1
                }
            ],
            "damageAbilities": [],
            "targets": [
                {
                    "name": "Maiden of Vigilance",
                    "total": 143969668,
                    "totalReduced": 102196105,
                    "type": "Boss"
                }
            ],
            "talents": [
                {
                    "name": "Chi Wave",
                    "guid": 115098,
                    "type": 8,
                    "abilityIcon": "ability_monk_chiwave.jpg"
                },
                {
                    "name": "Tiger's Lust",
                    "guid": 116841,
                    "type": 1,
                    "abilityIcon": "ability_monk_tigerslust.jpg"
                },
                {
                    "name": "Power Strikes",
                    "guid": 121817,
                    "type": 1,
                    "abilityIcon": "ability_monk_powerstrikes.jpg"
                },
                {
                    "name": "Leg Sweep",
                    "guid": 119381,
                    "type": 1,
                    "abilityIcon": "ability_monk_legsweep.jpg"
                },
                {
                    "name": "Healing Elixir",
                    "guid": 122281,
                    "type": 8,
                    "abilityIcon": "ability_monk_jasmineforcetea.jpg"
                },
                {
                    "name": "Hit Combo",
                    "guid": 196740,
                    "type": 1,
                    "abilityIcon": "ability_monk_palmstrike.jpg"
                },
                {
                    "name": "Whirling Dragon Punch",
                    "guid": 152175,
                    "type": 1,
                    "abilityIcon": "ability_monk_hurricanestrike.jpg"
                }
            ],
            "gear": [
                {
                    "id": 147154,
                    "slot": 0,
                    "itemLevel": 900,
                    "quality": 4,
                    "icon": "inv_leather_raidmonk_r_01_helm.jpg",
                    "bonusIDs": [
                        3561,
                        1808,
                        1482,
                        3528
                    ],
                    "name": "Xuen's Helm"
                },
                {
                    "id": 147765,
                    "slot": 1,
                    "itemLevel": 900,
                    "quality": 4,
                    "icon": "inv_jewelry_necklace_42.jpg",
                    "permanentEnchant": 5439,
                    "permanentEnchantName": "Mark of the Hidden Satyr",
                    "bonusIDs": [
                        3572,
                        1482,
                        3528
                    ],
                    "name": "Clasp of Burning Demise"
                },
                {
                    "id": 139110,
                    "slot": 2,
                    "itemLevel": 900,
                    "quality": 2,
                    "icon": "inv_shoulder_leather_legionquest100_b_01.jpg",
                    "permanentEnchant": 5883,
                    "permanentEnchantName": "Bloodhunter",
                    "bonusIDs": [
                        3573,
                        1562,
                        3337
                    ],
                    "name": "Rivermane Shoulders"
                },
                {
                    "id": 0,
                    "slot": 3,
                    "itemLevel": 0,
                    "quality": 1,
                    "icon": "inv_axe_02.jpg"
                },
                {
                    "id": 147737,
                    "slot": 4,
                    "itemLevel": 905,
                    "quality": 4,
                    "icon": "inv_chest_leather_raiddruid_r_01.jpg",
                    "bonusIDs": [
                        3572,
                        1487,
                        3336
                    ],
                    "name": "Shorebreaker Robes"
                },
                {
                    "id": 142145,
                    "slot": 5,
                    "itemLevel": 900,
                    "quality": 4,
                    "icon": "inv_belt_leather_legionendgame_c_01.jpg",
                    "bonusIDs": [
                        3417,
                        1512,
                        3337
                    ],
                    "name": "Girdle of Ghostly Exclusion"
                },
                {
                    "id": 134460,
                    "slot": 6,
                    "itemLevel": 885,
                    "quality": 3,
                    "icon": "inv_pant_leather_legiondungeon_c_01.jpg",
                    "bonusIDs": [
                        3573,
                        1537,
                        3336
                    ],
                    "name": "Fevermelt Legguards"
                },
                {
                    "id": 147029,
                    "slot": 7,
                    "itemLevel": 900,
                    "quality": 4,
                    "icon": "inv_boot_leather_raiddemonhunter_r_01.jpg",
                    "bonusIDs": [
                        3561,
                        1808,
                        1482,
                        3528
                    ],
                    "name": "Glacier Walkers"
                },
                {
                    "id": 137097,
                    "slot": 8,
                    "itemLevel": 970,
                    "quality": 5,
                    "icon": "inv_bracer_26.jpg",
                    "bonusIDs": [
                        3529,
                        3459,
                        3570
                    ],
                    "name": "Drinking Horn Cover"
                },
                {
                    "id": 147153,
                    "slot": 9,
                    "itemLevel": 900,
                    "quality": 4,
                    "icon": "inv_leather_raidmonk_r_01_glove.jpg",
                    "bonusIDs": [
                        3561,
                        1482,
                        3528
                    ],
                    "name": "Xuen's Gauntlets"
                },
                {
                    "id": 141546,
                    "slot": 10,
                    "itemLevel": 885,
                    "quality": 4,
                    "icon": "inv_70_quest_ring8c.jpg",
                    "permanentEnchant": 5324,
                    "permanentEnchantName": "+50 Critical Strike",
                    "bonusIDs": [
                        3466,
                        1497,
                        3337
                    ],
                    "name": "Cursed Warden's Keepsake"
                },
                {
                    "id": 147767,
                    "slot": 11,
                    "itemLevel": 900,
                    "quality": 4,
                    "icon": "inv_70_raid_ring4c.jpg",
                    "bonusIDs": [
                        3572,
                        1482,
                        3528
                    ],
                    "name": "Coral Band of the Abyss"
                },
                {
                    "id": 141482,
                    "slot": 12,
                    "itemLevel": 870,
                    "quality": 4,
                    "icon": "inv_datacrystal04.jpg",
                    "bonusIDs": [
                        3466,
                        1482,
                        3336
                    ],
                    "name": "Unstable Arcanocrystal"
                },
                {
                    "id": 147010,
                    "slot": 13,
                    "itemLevel": 900,
                    "quality": 4,
                    "icon": "inv_wand_36.jpg",
                    "bonusIDs": [
                        3561,
                        1482,
                        3528
                    ],
                    "name": "Cradle of Anguish"
                },
                {
                    "id": 137019,
                    "slot": 14,
                    "itemLevel": 970,
                    "quality": 5,
                    "icon": "inv_cape_pandaria_b_02.jpg",
                    "bonusIDs": [
                        1811,
                        3570
                    ],
                    "name": "Cenedril, Reflector of Hatred"
                },
                {
                    "id": 128940,
                    "slot": 15,
                    "itemLevel": 902,
                    "quality": 6,
                    "icon": "inv_hand_1h_artifactskywall_d_01.jpg",
                    "bonusIDs": [
                        734
                    ],
                    "gems": [
                        {
                            "id": 141258,
                            "itemLevel": 870,
                            "icon": "inv_elemental_mote_water01.jpg"
                        },
                        {
                            "id": 140816,
                            "itemLevel": 875,
                            "icon": "inv_qiraj_huskoldgod.jpg"
                        },
                        {
                            "id": 141278,
                            "itemLevel": 880,
                            "icon": "inv_stone_weightstone_02.jpg"
                        }
                    ],
                    "name": "Fists of the Heavens"
                },
                {
                    "id": 133948,
                    "slot": 16,
                    "itemLevel": 902,
                    "quality": 6,
                    "icon": "inv_hand_1h_artifactskywall_d_01.jpg",
                    "name": "Fists of the Heavens"
                },
                {
                    "id": 0,
                    "slot": 17,
                    "itemLevel": 0,
                    "quality": 1,
                    "icon": "inv_axe_02.jpg"
                }
            ],
            "pets": [
                {
                    "name": "Fire Spirit",
                    "id": 45,
                    "guid": 69791,
                    "type": "Pet",
                    "icon": 138123,
                    "total": 20043580,
                    "totalReduced": 0,
                    "activeTime": 95557
                },
                {
                    "name": "Earth Spirit",
                    "id": 43,
                    "guid": 69792,
                    "type": "Pet",
                    "icon": 138121,
                    "total": 21729983,
                    "totalReduced": 0,
                    "activeTime": 95540
                }
            ]
        }
    ],
    "totalTime": 247452
}