{
    "entries": [
        {
            "name": "Chillibear",
            "id": 64,
            "guid": 180002489,
            "type": "Mage",
            "itemLevel": 872,
            "icon": "Mage-Frost",
            "total": 53860904,
            "activeTime": 156364,
            "activeTimeReduced": 156364,
            "abilities": [
                {
                    "name": "Ice Lance",
                    "total": 19081528,
                    "type": 16
                },
                {
                    "name": "Frostbolt",
                    "total": 14809153,
                    "type": 16
                },
                {
                    "name": "Flurry",
                    "total": 12885307,
                    "type": 16
                },
                {
                    "name": "Ebonbolt",
                    "total": 4024281,
                    "type": 48
                },
                {
                    "name": "Frozen Orb",
                    "total": 1481147,
                    "type": 16
                }
            ],
            "damageAbilities": [],
            "targets": [
                {
                    "name": "Trilliax",
                    "total": 53860904,
                    "type": "Boss"
                }
            ],
            "talents": [
                {
                    "name": "Lonely Winter",
                    "guid": 205024,
                    "type": 1,
                    "abilityIcon": "achievement_dungeon_frozenthrone.jpg"
                },
                {
                    "name": "Shimmer",
                    "guid": 212653,
                    "type": 64,
                    "abilityIcon": "spell_arcane_massdispel.jpg"
                },
                {
                    "name": "Incanter's Flow",
                    "guid": 1463,
                    "type": 1,
                    "abilityIcon": "ability_mage_incantersabsorbtion.jpg"
                },
                {
                    "name": "Splitting Ice",
                    "guid": 56377,
                    "type": 1,
                    "abilityIcon": "spell_frost_ice-shards.jpg"
                },
                {
                    "name": "Frigid Winds",
                    "guid": 235224,
                    "type": 1,
                    "abilityIcon": "ability_mage_deepfreeze.jpg"
                },
                {
                    "name": "Arctic Gale",
                    "guid": 205038,
                    "type": 1,
                    "abilityIcon": "spell_frost_arcticwinds.jpg"
                },
                {
                    "name": "Thermal Void",
                    "guid": 155149,
                    "type": 1,
                    "abilityIcon": "spell_mage_thermalvoid.jpg"
                }
            ],
            "gear": [
                {
                    "id": 140851,
                    "slot": 0,
                    "itemLevel": 855,
                    "quality": 4,
                    "icon": "inv_helm_cloth_raidmage_q_01.jpg",
                    "bonusIDs": [
                        3446,
                        1808,
                        43,
                        1452,
                        3528
                    ],
                    "gems": [
                        {
                            "id": 130215,
                            "itemLevel": 101,
                            "icon": "inv_jewelcrafting_70_cutgem02_orange.jpg"
                        }
                    ],
                    "name": "Nighthold Custodian's Hood"
                },
                {
                    "id": 134187,
                    "slot": 1,
                    "itemLevel": 860,
                    "quality": 2,
                    "icon": "inv_7_0raid_necklace_03d.jpg",
                    "bonusIDs": [
                        1824,
                        1522,
                        3336
                    ],
                    "name": "Rough-Hammered Silver Necklace"
                },
                {
                    "id": 147734,
                    "slot": 2,
                    "itemLevel": 900,
                    "quality": 4,
                    "icon": "inv_shoulder_cloth_raidmage_r_01.jpg",
                    "bonusIDs": [
                        3572,
                        1482,
                        3528
                    ],
                    "name": "Spaulders of Forgotten Worlds"
                },
                {
                    "id": 0,
                    "slot": 3,
                    "itemLevel": 0,
                    "quality": 1,
                    "icon": "inv_axe_02.jpg"
                },
                {
                    "id": 144631,
                    "slot": 4,
                    "itemLevel": 870,
                    "quality": 4,
                    "icon": "inv_robe_cloth_raidmage_r_01.jpg",
                    "bonusIDs": [
                        3568,
                        1712,
                        43,
                        1502,
                        3528
                    ],
                    "name": "Cruel Gladiator's Silk Robe"
                },
                {
                    "id": 137413,
                    "slot": 5,
                    "itemLevel": 870,
                    "quality": 3,
                    "icon": "inv_cloth_legiondungeon_c_01.jpg",
                    "bonusIDs": [
                        1727,
                        1522,
                        3336
                    ],
                    "name": "Time-Breached Waistband"
                },
                {
                    "id": 139913,
                    "slot": 6,
                    "itemLevel": 850,
                    "quality": 2,
                    "icon": "inv_pant_cloth_legionendgame_c_01.jpg",
                    "bonusIDs": [
                        1824,
                        43,
                        1512,
                        3336
                    ],
                    "name": "Felborne Trousers"
                },
                {
                    "id": 140914,
                    "slot": 7,
                    "itemLevel": 885,
                    "quality": 4,
                    "icon": "inv_boot_cloth_raidwarlock_q_01.jpg",
                    "bonusIDs": [
                        3521,
                        1482,
                        3337
                    ],
                    "name": "Outcast Wanderer's Footrags"
                },
                {
                    "id": 134310,
                    "slot": 8,
                    "itemLevel": 865,
                    "quality": 2,
                    "icon": "inv_bracer_cloth_legionendgame_c_01.jpg",
                    "bonusIDs": [
                        1727,
                        43,
                        1527,
                        3528
                    ],
                    "name": "Manawracker Bindings"
                },
                {
                    "id": 134420,
                    "slot": 9,
                    "itemLevel": 875,
                    "quality": 3,
                    "icon": "inv_glove_cloth_legiondungeon_c_01.jpg",
                    "bonusIDs": [
                        3412,
                        43,
                        1527,
                        3528
                    ],
                    "name": "Gloves of the Mountain Conquest"
                },
                {
                    "id": 134526,
                    "slot": 10,
                    "itemLevel": 870,
                    "quality": 3,
                    "icon": "inv_70_dungeon_ring6a.jpg",
                    "permanentEnchant": 5423,
                    "permanentEnchantName": "+150.005 Critical Strike",
                    "bonusIDs": [
                        1727,
                        1522,
                        3336
                    ],
                    "name": "Gnawed Thumb Ring"
                },
                {
                    "id": 134537,
                    "slot": 11,
                    "itemLevel": 865,
                    "quality": 3,
                    "icon": "inv_70_dungeon_ring7c.jpg",
                    "permanentEnchant": 5423,
                    "permanentEnchantName": "+150.005 Critical Strike",
                    "bonusIDs": [
                        1727,
                        1808,
                        1517,
                        3528
                    ],
                    "gems": [
                        {
                            "id": 130215,
                            "itemLevel": 101,
                            "icon": "inv_jewelcrafting_70_cutgem02_orange.jpg"
                        }
                    ],
                    "name": "Signet of the Highborne Magi"
                },
                {
                    "id": 134204,
                    "slot": 12,
                    "itemLevel": 860,
                    "quality": 2,
                    "icon": "inv_weapon_crossbow_22.jpg",
                    "bonusIDs": [
                        3394,
                        603,
                        1522,
                        3528
                    ],
                    "name": "Bleached Skull Talisman"
                },
                {
                    "id": 133641,
                    "slot": 13,
                    "itemLevel": 865,
                    "quality": 3,
                    "icon": "spell_nature_elementalshields.jpg",
                    "bonusIDs": [
                        1727,
                        1517,
                        3528
                    ],
                    "name": "Eye of Skovald"
                },
                {
                    "id": 136977,
                    "slot": 14,
                    "itemLevel": 875,
                    "quality": 3,
                    "icon": "inv_cape_leather_legiondungeon_c_01.jpg",
                    "permanentEnchant": 5433,
                    "permanentEnchantName": "+150.005 Intellect",
                    "bonusIDs": [
                        1727,
                        1808,
                        1527,
                        3336
                    ],
                    "gems": [
                        {
                            "id": 130215,
                            "itemLevel": 101,
                            "icon": "inv_jewelcrafting_70_cutgem02_orange.jpg"
                        }
                    ],
                    "name": "Shadowfeather Shawl"
                },
                {
                    "id": 128862,
                    "slot": 15,
                    "itemLevel": 899,
                    "quality": 6,
                    "icon": "inv_staff_2h_artifactantonidas_d_01.jpg",
                    "bonusIDs": [
                        731
                    ],
                    "gems": [
                        {
                            "id": 141257,
                            "itemLevel": 855,
                            "icon": "spell_shaman_tidalwaves.jpg"
                        },
                        {
                            "id": 144505,
                            "itemLevel": 895,
                            "icon": "inv_relics_libramoftruth.jpg"
                        },
                        {
                            "id": 143700,
                            "itemLevel": 865,
                            "icon": "ability_monk_forcesphere.jpg"
                        }
                    ],
                    "name": "Ebonchill"
                },
                {
                    "id": 0,
                    "slot": 16,
                    "itemLevel": 0,
                    "quality": 1,
                    "icon": "inv_axe_02.jpg"
                },
                {
                    "id": 0,
                    "slot": 17,
                    "itemLevel": 0,
                    "quality": 1,
                    "icon": "inv_axe_02.jpg"
                }
            ]
        },
        {
            "name": "Twerkbear",
            "id": 6,
            "guid": 174172200,
            "type": "Druid",
            "itemLevel": 901,
            "icon": "Druid-Guardian",
            "total": 72316120,
            "activeTime": 310381,
            "activeTimeReduced": 310381,
            "blocked": 666977,
            "abilities": [
                {
                    "name": "Moonfire",
                    "total": 19151829,
                    "type": 64
                },
                {
                    "name": "Mangle",
                    "total": 16800504,
                    "type": 1
                },
                {
                    "name": "Thrash",
                    "total": 15210062,
                    "type": 1
                },
                {
                    "name": "Melee",
                    "total": 5841916,
                    "type": 1
                },
                {
                    "name": "Thrash",
                    "total": 4773086,
                    "type": 1
                }
            ],
            "damageAbilities": [],
            "targets": [
                {
                    "name": "Trilliax",
                    "total": 72316120,
                    "type": "Boss"
                }
            ],
            "talents": [
                {
                    "name": "Blood Frenzy",
                    "guid": 203962,
                    "type": 1,
                    "abilityIcon": "ability_druid_primaltenacity.jpg"
                },
                {
                    "name": "Wild Charge",
                    "guid": 102401,
                    "type": 1,
                    "abilityIcon": "spell_druid_wildcharge.jpg"
                },
                {
                    "name": "Restoration Affinity",
                    "guid": 197492,
                    "type": 1,
                    "abilityIcon": "ability_druid_improvedtreeform.jpg"
                },
                {
                    "name": "Mighty Bash",
                    "guid": 5211,
                    "type": 1,
                    "abilityIcon": "ability_druid_bash.jpg"
                },
                {
                    "name": "Galactic Guardian",
                    "guid": 203964,
                    "type": 1,
                    "abilityIcon": "spell_frost_iceclaw.jpg"
                },
                {
                    "name": "Guardian of Elune",
                    "guid": 155578,
                    "type": 1,
                    "abilityIcon": "spell_druid_guardianofelune.jpg"
                },
                {
                    "name": "Rend and Tear",
                    "guid": 204053,
                    "type": 1,
                    "abilityIcon": "ability_druid_swipe.jpg"
                }
            ],
            "gear": [
                {
                    "id": 138330,
                    "slot": 0,
                    "itemLevel": 905,
                    "quality": 4,
                    "icon": "inv_helmet_leather_raiddruid_q_01.jpg",
                    "bonusIDs": [
                        3514,
                        1502,
                        3337
                    ],
                    "name": "Hood of the Astral Warden"
                },
                {
                    "id": 140894,
                    "slot": 1,
                    "itemLevel": 900,
                    "quality": 4,
                    "icon": "inv_7_0raid_necklace_09a.jpg",
                    "bonusIDs": [
                        3444,
                        1808,
                        1497,
                        3337
                    ],
                    "gems": [
                        {
                            "id": 130222,
                            "itemLevel": 110,
                            "icon": "inv_jewelcrafting_70_cutgem03_purple.jpg"
                        }
                    ],
                    "name": "Zealous Timestone Pendant"
                },
                {
                    "id": 138336,
                    "slot": 2,
                    "itemLevel": 920,
                    "quality": 4,
                    "icon": "inv_shoulder_leather_raiddruid_q_01.jpg",
                    "bonusIDs": [
                        3516,
                        1517,
                        3337
                    ],
                    "name": "Mantle of the Astral Warden"
                },
                {
                    "id": 0,
                    "slot": 3,
                    "itemLevel": 0,
                    "quality": 1,
                    "icon": "inv_axe_02.jpg"
                },
                {
                    "id": 137015,
                    "slot": 4,
                    "itemLevel": 940,
                    "quality": 5,
                    "icon": "inv_chest_leather_13.jpg",
                    "bonusIDs": [
                        1811,
                        3455
                    ],
                    "name": "Ekowraith, Creator of Worlds"
                },
                {
                    "id": 140919,
                    "slot": 5,
                    "itemLevel": 905,
                    "quality": 4,
                    "icon": "inv_leather_raiddemonhuntermythic_q_02belt.jpg",
                    "bonusIDs": [
                        3517,
                        1502,
                        3336
                    ],
                    "name": "High Shadow Councilor's Wrap"
                },
                {
                    "id": 138333,
                    "slot": 6,
                    "itemLevel": 895,
                    "quality": 4,
                    "icon": "inv_pants_leather_raiddruid_q_01.jpg",
                    "bonusIDs": [
                        3516,
                        1808,
                        1492,
                        3336
                    ],
                    "gems": [
                        {
                            "id": 130222,
                            "itemLevel": 110,
                            "icon": "inv_jewelcrafting_70_cutgem03_purple.jpg"
                        }
                    ],
                    "name": "Leggings of the Astral Warden"
                },
                {
                    "id": 140860,
                    "slot": 7,
                    "itemLevel": 885,
                    "quality": 4,
                    "icon": "inv_boot_leather_raidmonk_q_01.jpg",
                    "bonusIDs": [
                        3444,
                        1482,
                        1813
                    ],
                    "name": "Stutterstep Treads"
                },
                {
                    "id": 140889,
                    "slot": 8,
                    "itemLevel": 890,
                    "quality": 4,
                    "icon": "inv_leather_raidrogue_q_01bracer.jpg",
                    "bonusIDs": [
                        3516,
                        1808,
                        1487,
                        3528
                    ],
                    "name": "Bracers of Impossible Choices"
                },
                {
                    "id": 138327,
                    "slot": 9,
                    "itemLevel": 890,
                    "quality": 4,
                    "icon": "inv_gloves_leather_raiddruid_q_01.jpg",
                    "bonusIDs": [
                        3516,
                        1808,
                        1487,
                        3528
                    ],
                    "gems": [
                        {
                            "id": 130222,
                            "itemLevel": 110,
                            "icon": "inv_jewelcrafting_70_cutgem03_purple.jpg"
                        }
                    ],
                    "name": "Gloves of the Astral Warden"
                },
                {
                    "id": 140897,
                    "slot": 10,
                    "itemLevel": 885,
                    "quality": 4,
                    "icon": "inv_70_raid_ring2b.jpg",
                    "bonusIDs": [
                        3515,
                        40,
                        1482,
                        3336
                    ],
                    "name": "Ring of the Scoured Clan"
                },
                {
                    "id": 140906,
                    "slot": 11,
                    "itemLevel": 890,
                    "quality": 4,
                    "icon": "inv_70_raid_ring5a.jpg",
                    "bonusIDs": [
                        3516,
                        1487,
                        3528
                    ],
                    "name": "Ring of Exclusive Servitude"
                },
                {
                    "id": 144249,
                    "slot": 12,
                    "itemLevel": 940,
                    "quality": 5,
                    "icon": "spell_nature_elementalshields.jpg",
                    "bonusIDs": [
                        1811,
                        3455
                    ],
                    "name": "Archimonde's Hatred Reborn"
                },
                {
                    "id": 140789,
                    "slot": 13,
                    "itemLevel": 870,
                    "quality": 4,
                    "icon": "inv_qiraj_carapaceoldgod.jpg",
                    "bonusIDs": [
                        3443,
                        1467,
                        1813
                    ],
                    "name": "Animated Exoskeleton"
                },
                {
                    "id": 138366,
                    "slot": 14,
                    "itemLevel": 890,
                    "quality": 4,
                    "icon": "inv_cape_leather_raiddruid_q_01.jpg",
                    "bonusIDs": [
                        3516,
                        1808,
                        1487,
                        1813
                    ],
                    "gems": [
                        {
                            "id": 130218,
                            "itemLevel": 101,
                            "icon": "inv_jewelcrafting_70_cutgem02_purple.jpg"
                        }
                    ],
                    "name": "Cloak of the Astral Warden"
                },
                {
                    "id": 128821,
                    "slot": 15,
                    "itemLevel": 913,
                    "quality": 6,
                    "icon": "inv_hand_1h_artifactursoc_d_01.jpg",
                    "bonusIDs": [
                        724
                    ],
                    "gems": [
                        {
                            "id": 140835,
                            "itemLevel": 890,
                            "icon": "inv_ember.jpg"
                        },
                        {
                            "id": 140820,
                            "itemLevel": 895,
                            "icon": "trade_alchemy_potiona1.jpg"
                        },
                        {
                            "id": 139263,
                            "itemLevel": 880,
                            "icon": "spell_lfieblood.jpg"
                        }
                    ],
                    "name": "Claws of Ursoc"
                },
                {
                    "id": 128822,
                    "slot": 16,
                    "itemLevel": 913,
                    "quality": 6,
                    "icon": "inv_hand_1h_artifactursoc_d_01.jpg",
                    "name": "Claws of Ursoc"
                },
                {
                    "id": 0,
                    "slot": 17,
                    "itemLevel": 0,
                    "quality": 1,
                    "icon": "inv_axe_02.jpg"
                }
            ]
        },
        {
            "name": "Alexisbear",
            "id": 9,
            "guid": 180380961,
            "type": "Druid",
            "itemLevel": 862,
            "icon": "Druid-Restoration",
            "total": 17438,
            "activeTime": 0,
            "activeTimeReduced": 0,
            "abilities": [
                {
                    "name": "Melee",
                    "total": 17438,
                    "type": 1
                }
            ],
            "damageAbilities": [],
            "targets": [
                {
                    "name": "Trilliax",
                    "total": 17438,
                    "type": "Boss"
                }
            ],
            "talents": [
                {
                    "name": "Cenarion Ward",
                    "guid": 102351,
                    "type": 8,
                    "abilityIcon": "ability_druid_naturalperfection.jpg"
                },
                {
                    "name": "Displacer Beast",
                    "guid": 102280,
                    "type": 64,
                    "abilityIcon": "spell_druid_displacement.jpg"
                },
                {
                    "name": "Guardian Affinity",
                    "guid": 197491,
                    "type": 1,
                    "abilityIcon": "talentspec_druid_feral_bear.jpg"
                },
                {
                    "name": "Typhoon",
                    "guid": 132469,
                    "type": 1,
                    "abilityIcon": "ability_druid_typhoon.jpg"
                },
                {
                    "name": "Cultivation",
                    "guid": 200390,
                    "type": 1,
                    "abilityIcon": "ability_druid_nourish.jpg"
                },
                {
                    "name": "Spring Blossoms",
                    "guid": 207385,
                    "type": 1,
                    "abilityIcon": "inv_misc_trailofflowers.jpg"
                },
                {
                    "name": "Flourish",
                    "guid": 197721,
                    "type": 8,
                    "abilityIcon": "spell_druid_wildburst.jpg"
                }
            ],
            "gear": [
                {
                    "id": 134240,
                    "slot": 0,
                    "itemLevel": 830,
                    "quality": 2,
                    "icon": "inv_helm_leather_legionendgame_c_01.jpg",
                    "bonusIDs": [
                        1826,
                        1492,
                        3339
                    ],
                    "name": "Brinewashed Leather Cowl"
                },
                {
                    "id": 140894,
                    "slot": 1,
                    "itemLevel": 885,
                    "quality": 4,
                    "icon": "inv_7_0raid_necklace_09a.jpg",
                    "bonusIDs": [
                        3444,
                        1482,
                        3528
                    ],
                    "name": "Zealous Timestone Pendant"
                },
                {
                    "id": 146774,
                    "slot": 2,
                    "itemLevel": 855,
                    "quality": 2,
                    "icon": "inv_shoulder_leather_legiondungeon_c_02.jpg",
                    "bonusIDs": [
                        3394,
                        1517,
                        3337
                    ],
                    "name": "Netherfiend Mantle"
                },
                {
                    "id": 0,
                    "slot": 3,
                    "itemLevel": 0,
                    "quality": 1,
                    "icon": "inv_axe_02.jpg"
                },
                {
                    "id": 134153,
                    "slot": 4,
                    "itemLevel": 845,
                    "quality": 2,
                    "icon": "inv_chest_leather_legionendgame_c_01.jpg",
                    "bonusIDs": [
                        1825,
                        1507,
                        3528
                    ],
                    "name": "Steelgazer Hide Jerkin"
                },
                {
                    "id": 140919,
                    "slot": 5,
                    "itemLevel": 900,
                    "quality": 4,
                    "icon": "inv_leather_raiddemonhuntermythic_q_02belt.jpg",
                    "bonusIDs": [
                        3517,
                        1497,
                        3336
                    ],
                    "name": "High Shadow Councilor's Wrap"
                },
                {
                    "id": 140862,
                    "slot": 6,
                    "itemLevel": 885,
                    "quality": 4,
                    "icon": "inv_pant_leather_raidmonk_q_01.jpg",
                    "bonusIDs": [
                        3444,
                        1808,
                        1482,
                        3528
                    ],
                    "name": "Gnawed Nightfallen Britches"
                },
                {
                    "id": 147234,
                    "slot": 7,
                    "itemLevel": 855,
                    "quality": 2,
                    "icon": "inv_boot_mail_draenorlfr_c_01.jpg",
                    "bonusIDs": [
                        1684,
                        3574,
                        1647,
                        3336
                    ],
                    "name": "Fel-Treated Boots"
                },
                {
                    "id": 147226,
                    "slot": 8,
                    "itemLevel": 850,
                    "quality": 2,
                    "icon": "inv_bracer_mail_draenorlfr_c_01.jpg",
                    "bonusIDs": [
                        1702,
                        3574,
                        1642,
                        3528
                    ],
                    "name": "Fel-Treated Bracers"
                },
                {
                    "id": 144242,
                    "slot": 9,
                    "itemLevel": 940,
                    "quality": 5,
                    "icon": "inv_glove_leather_raidrogue_m_01.jpg",
                    "bonusIDs": [
                        1811,
                        3530
                    ],
                    "name": "X'oni's Caress"
                },
                {
                    "id": 146767,
                    "slot": 10,
                    "itemLevel": 865,
                    "quality": 2,
                    "icon": "inv_70_quest_ring6c.jpg",
                    "bonusIDs": [
                        3394,
                        1527,
                        3336
                    ],
                    "name": "Portal Keeper's Seal"
                },
                {
                    "id": 147257,
                    "slot": 11,
                    "itemLevel": 850,
                    "quality": 2,
                    "icon": "inv_60dungeon_ring8b.jpg",
                    "bonusIDs": [
                        3403,
                        3574,
                        1642,
                        3528
                    ],
                    "name": "Avenging Band"
                },
                {
                    "id": 147276,
                    "slot": 12,
                    "itemLevel": 850,
                    "quality": 2,
                    "icon": "inv_jewelry_talisman_18.jpg",
                    "bonusIDs": [
                        603,
                        3574,
                        1642,
                        3528
                    ],
                    "name": "Spellbinder's Seal"
                },
                {
                    "id": 133646,
                    "slot": 13,
                    "itemLevel": 845,
                    "quality": 3,
                    "icon": "paladin_holy.jpg",
                    "bonusIDs": [
                        1726,
                        1497,
                        3528
                    ],
                    "name": "Mote of Sanctification"
                },
                {
                    "id": 141543,
                    "slot": 14,
                    "itemLevel": 860,
                    "quality": 4,
                    "icon": "inv_cape_legionraidwarlock_d_01.jpg",
                    "bonusIDs": [
                        3466,
                        1472,
                        3528
                    ],
                    "name": "Drape of the Mana-Starved"
                },
                {
                    "id": 128306,
                    "slot": 15,
                    "itemLevel": 842,
                    "quality": 6,
                    "icon": "inv_staff_2h_artifactnordrassil_d_01.jpg",
                    "gems": [
                        {
                            "id": 140839,
                            "itemLevel": 860,
                            "icon": "creature_sporemushroom.jpg"
                        },
                        {
                            "id": 140831,
                            "itemLevel": 860,
                            "icon": "sha_inv_misc_slime_01_nightborne.jpg"
                        }
                    ],
                    "name": "G'Hanir, the Mother Tree"
                },
                {
                    "id": 0,
                    "slot": 16,
                    "itemLevel": 0,
                    "quality": 1,
                    "icon": "inv_axe_02.jpg"
                },
                {
                    "id": 0,
                    "slot": 17,
                    "itemLevel": 0,
                    "quality": 1,
                    "icon": "inv_axe_02.jpg"
                }
            ]
        },
        {
            "name": "Trapbear",
            "id": 12,
            "guid": 180363654,
            "type": "Warrior",
            "itemLevel": 896,
            "icon": "Warrior-Fury",
            "total": 144657693,
            "activeTime": 293591,
            "activeTimeReduced": 293591,
            "blocked": 267929,
            "abilities": [
                {
                    "name": "Raging Blow",
                    "total": 31439468,
                    "type": 1
                },
                {
                    "name": "Rampage",
                    "total": 28118047,
                    "type": 1
                },
                {
                    "name": "Melee",
                    "total": 24600615,
                    "type": 1
                },
                {
                    "name": "Execute",
                    "total": 24218941,
                    "type": 1
                },
                {
                    "name": "Bloodthirst",
                    "total": 16693688,
                    "type": 1
                }
            ],
            "damageAbilities": [],
            "targets": [
                {
                    "name": "Trilliax",
                    "total": 144657693,
                    "type": "Boss"
                }
            ],
            "talents": [
                {
                    "name": "War Machine",
                    "guid": 215556,
                    "type": 1,
                    "abilityIcon": "ability_hunter_rapidkilling.jpg"
                },
                {
                    "name": "Double Time",
                    "guid": 103827,
                    "type": 1,
                    "abilityIcon": "inv_misc_horn_04.jpg"
                },
                {
                    "name": "Avatar",
                    "guid": 107574,
                    "type": 1,
                    "abilityIcon": "warrior_talent_icon_avatar.jpg"
                },
                {
                    "name": "Furious Charge",
                    "guid": 202224,
                    "type": 1,
                    "abilityIcon": "spell_warrior_barbarian.jpg"
                },
                {
                    "name": "Massacre",
                    "guid": 206315,
                    "type": 1,
                    "abilityIcon": "inv_sword_48.jpg"
                },
                {
                    "name": "Inner Rage",
                    "guid": 215573,
                    "type": 1,
                    "abilityIcon": "ability_warrior_innerrage.jpg"
                },
                {
                    "name": "Reckless Abandon",
                    "guid": 202751,
                    "type": 1,
                    "abilityIcon": "ability_warrior_battleshout.jpg"
                }
            ],
            "gear": [
                {
                    "id": 138357,
                    "slot": 0,
                    "itemLevel": 890,
                    "quality": 4,
                    "icon": "inv_helm_plate_raidwarriormythic_q_01.jpg",
                    "bonusIDs": [
                        3516,
                        1487,
                        3528
                    ],
                    "name": "Warhelm of the Obsidian Aspect"
                },
                {
                    "id": 140898,
                    "slot": 1,
                    "itemLevel": 885,
                    "quality": 4,
                    "icon": "inv_7_0raid_necklace_16c.jpg",
                    "bonusIDs": [
                        3444,
                        1482,
                        3528
                    ],
                    "name": "Radiant String of Scorpid Eyes"
                },
                {
                    "id": 121281,
                    "slot": 2,
                    "itemLevel": 880,
                    "quality": 2,
                    "icon": "inv_shoulder_plate_legionendgame_c_01.jpg",
                    "bonusIDs": [
                        3394,
                        1542,
                        3337
                    ],
                    "name": "Wracksoul Pauldrons"
                },
                {
                    "id": 0,
                    "slot": 3,
                    "itemLevel": 0,
                    "quality": 1,
                    "icon": "inv_axe_02.jpg"
                },
                {
                    "id": 137527,
                    "slot": 4,
                    "itemLevel": 885,
                    "quality": 3,
                    "icon": "inv_chest_plate_legiondungeon_c_01.jpg",
                    "bonusIDs": [
                        3416,
                        1537,
                        3528
                    ],
                    "name": "Polished Jade Chestguard"
                },
                {
                    "id": 137087,
                    "slot": 5,
                    "itemLevel": 940,
                    "quality": 5,
                    "icon": "inv_misc_bone_03.jpg",
                    "bonusIDs": [
                        3459,
                        3530
                    ],
                    "name": "Naj'entus's Vertebrae"
                },
                {
                    "id": 138360,
                    "slot": 6,
                    "itemLevel": 890,
                    "quality": 4,
                    "icon": "inv_pant_plate_raidwarriormythic_q_01.jpg",
                    "bonusIDs": [
                        3516,
                        1487,
                        3528
                    ],
                    "name": "Legplates of the Obsidian Aspect"
                },
                {
                    "id": 144767,
                    "slot": 7,
                    "itemLevel": 870,
                    "quality": 4,
                    "icon": "inv_boot_plate_raidwarrior_r_01.jpg",
                    "bonusIDs": [
                        3568,
                        1707,
                        1502,
                        3528
                    ],
                    "name": "Cruel Gladiator's Plate Warboots"
                },
                {
                    "id": 147228,
                    "slot": 8,
                    "itemLevel": 885,
                    "quality": 2,
                    "icon": "inv_plate_draenorlfr_c_01wrist.jpg",
                    "bonusIDs": [
                        1717,
                        40,
                        3573,
                        3134,
                        3336
                    ],
                    "name": "Storm-Tempered Bracers"
                },
                {
                    "id": 137525,
                    "slot": 9,
                    "itemLevel": 905,
                    "quality": 3,
                    "icon": "inv_glove_plate_legiondungeon_c_01.jpg",
                    "bonusIDs": [
                        3418,
                        1557,
                        3337
                    ],
                    "name": "Blood-Spattered Gauntlets"
                },
                {
                    "id": 140896,
                    "slot": 10,
                    "itemLevel": 880,
                    "quality": 4,
                    "icon": "inv_70_raid_ring1a.jpg",
                    "bonusIDs": [
                        3514,
                        42,
                        1477,
                        3336
                    ],
                    "name": "Ring of Braided Stems"
                },
                {
                    "id": 137052,
                    "slot": 11,
                    "itemLevel": 940,
                    "quality": 5,
                    "icon": "inv_misc_ring_firelands_1.jpg",
                    "permanentEnchant": 5428,
                    "permanentEnchantName": "+200.006 Haste",
                    "bonusIDs": [
                        3459,
                        3530
                    ],
                    "gems": [
                        {
                            "id": 130246,
                            "itemLevel": 110,
                            "icon": "inv_jewelcrafting_70_saberseye.jpg"
                        }
                    ],
                    "name": "Ayala's Stone Heart"
                },
                {
                    "id": 140796,
                    "slot": 12,
                    "itemLevel": 890,
                    "quality": 4,
                    "icon": "spell_nature_elementalabsorption.jpg",
                    "bonusIDs": [
                        3516,
                        1487,
                        3528
                    ],
                    "name": "Entwined Elemental Foci"
                },
                {
                    "id": 140806,
                    "slot": 13,
                    "itemLevel": 890,
                    "quality": 4,
                    "icon": "ability_bossmagistrix_timewarp1.jpg",
                    "bonusIDs": [
                        3514,
                        1487,
                        3337
                    ],
                    "name": "Convergence of Fates"
                },
                {
                    "id": 133771,
                    "slot": 14,
                    "itemLevel": 885,
                    "quality": 3,
                    "icon": "inv_cape_legiondungeon_c_04.jpg",
                    "bonusIDs": [
                        3417,
                        1808,
                        1537,
                        3528
                    ],
                    "name": "Seacursed Wrap"
                },
                {
                    "id": 128908,
                    "slot": 15,
                    "itemLevel": 917,
                    "quality": 6,
                    "icon": "inv_sword_1h_artifactvigfus_d_01.jpg",
                    "bonusIDs": [
                        751
                    ],
                    "gems": [
                        {
                            "id": 142307,
                            "itemLevel": 885,
                            "icon": "spell_fire_fire.jpg"
                        },
                        {
                            "id": 144532,
                            "itemLevel": 880,
                            "icon": "ability_thunderking_overcharge.jpg"
                        },
                        {
                            "id": 147759,
                            "itemLevel": 915,
                            "icon": "inv_gizmo_felironcasing.jpg"
                        }
                    ],
                    "name": "Warswords of the Valarjar"
                },
                {
                    "id": 134553,
                    "slot": 16,
                    "itemLevel": 917,
                    "quality": 6,
                    "icon": "inv_sword_1h_artifactvigfus_d_01.jpg",
                    "name": "Warswords of the Valarjar"
                },
                {
                    "id": 0,
                    "slot": 17,
                    "itemLevel": 0,
                    "quality": 1,
                    "icon": "inv_axe_02.jpg"
                }
            ]
        },
        {
            "name": "Yellowbear",
            "id": 3,
            "guid": 176681610,
            "type": "Monk",
            "itemLevel": 904,
            "icon": "Monk-Windwalker",
            "total": 175100449,
            "totalReduced": 121600114,
            "activeTime": 257630,
            "activeTimeReduced": 257630,
            "blocked": 423136,
            "abilities": [
                {
                    "name": "Rising Sun Kick",
                    "total": 29444091,
                    "type": 1
                },
                {
                    "name": "Fists of Fury",
                    "total": 25668695,
                    "type": 1
                },
                {
                    "name": "Rising Sun Kick",
                    "total": 16176846,
                    "totalReduced": 0,
                    "type": 1
                },
                {
                    "name": "Fists of Fury",
                    "total": 12648173,
                    "totalReduced": 0,
                    "type": 1
                },
                {
                    "name": "Blackout Kick",
                    "total": 12164453,
                    "type": 1
                }
            ],
            "damageAbilities": [],
            "targets": [
                {
                    "name": "Trilliax",
                    "total": 175100449,
                    "totalReduced": 121600114,
                    "type": "Boss"
                }
            ],
            "talents": [
                {
                    "name": "Chi Wave",
                    "guid": 115098,
                    "type": 8,
                    "abilityIcon": "ability_monk_chiwave.jpg"
                },
                {
                    "name": "Tiger's Lust",
                    "guid": 116841,
                    "type": 1,
                    "abilityIcon": "ability_monk_tigerslust.jpg"
                },
                {
                    "name": "Power Strikes",
                    "guid": 121817,
                    "type": 1,
                    "abilityIcon": "ability_monk_powerstrikes.jpg"
                },
                {
                    "name": "Leg Sweep",
                    "guid": 119381,
                    "type": 1,
                    "abilityIcon": "ability_monk_legsweep.jpg"
                },
                {
                    "name": "Healing Elixir",
                    "guid": 122281,
                    "type": 8,
                    "abilityIcon": "ability_monk_jasmineforcetea.jpg"
                },
                {
                    "name": "Hit Combo",
                    "guid": 196740,
                    "type": 1,
                    "abilityIcon": "ability_monk_palmstrike.jpg"
                },
                {
                    "name": "Whirling Dragon Punch",
                    "guid": 152175,
                    "type": 1,
                    "abilityIcon": "ability_monk_hurricanestrike.jpg"
                }
            ],
            "gear": [
                {
                    "id": 138331,
                    "slot": 0,
                    "itemLevel": 895,
                    "quality": 4,
                    "icon": "inv_helm_leather_raidmonk_q_01.jpg",
                    "bonusIDs": [
                        3516,
                        1492,
                        3336
                    ],
                    "name": "Hood of Enveloped Dissonance"
                },
                {
                    "id": 134499,
                    "slot": 1,
                    "itemLevel": 895,
                    "quality": 3,
                    "icon": "inv_7_0raid_necklace_08c.jpg",
                    "permanentEnchant": 5439,
                    "permanentEnchantName": "Mark of the Hidden Satyr",
                    "bonusIDs": [
                        3416,
                        1547,
                        3336
                    ],
                    "name": "Raven Filigree Pendant"
                },
                {
                    "id": 138337,
                    "slot": 2,
                    "itemLevel": 895,
                    "quality": 4,
                    "icon": "inv_shoulder_leather_raidmonk_q_01.jpg",
                    "permanentEnchant": 5440,
                    "permanentEnchantName": "Scavenging",
                    "bonusIDs": [
                        3516,
                        43,
                        1492,
                        3336
                    ],
                    "name": "Pauldrons of Enveloped Dissonance"
                },
                {
                    "id": 0,
                    "slot": 3,
                    "itemLevel": 0,
                    "quality": 1,
                    "icon": "inv_axe_02.jpg"
                },
                {
                    "id": 147737,
                    "slot": 4,
                    "itemLevel": 900,
                    "quality": 4,
                    "icon": "inv_chest_leather_raiddruid_r_01.jpg",
                    "bonusIDs": [
                        3572,
                        1482,
                        3528
                    ],
                    "name": "Shorebreaker Robes"
                },
                {
                    "id": 140919,
                    "slot": 5,
                    "itemLevel": 900,
                    "quality": 4,
                    "icon": "inv_leather_raiddemonhuntermythic_q_02belt.jpg",
                    "bonusIDs": [
                        3515,
                        1808,
                        1497,
                        3337
                    ],
                    "gems": [
                        {
                            "id": 130218,
                            "itemLevel": 101,
                            "icon": "inv_jewelcrafting_70_cutgem02_purple.jpg"
                        }
                    ],
                    "name": "High Shadow Councilor's Wrap"
                },
                {
                    "id": 134194,
                    "slot": 6,
                    "itemLevel": 890,
                    "quality": 2,
                    "icon": "inv_pant_leather_legionendgame_c_01.jpg",
                    "bonusIDs": [
                        3573,
                        1808,
                        1552,
                        3336
                    ],
                    "gems": [
                        {
                            "id": 130218,
                            "itemLevel": 101,
                            "icon": "inv_jewelcrafting_70_cutgem02_purple.jpg"
                        }
                    ],
                    "name": "Biornskin Leggings"
                },
                {
                    "id": 137029,
                    "slot": 7,
                    "itemLevel": 940,
                    "quality": 5,
                    "icon": "inv_boots_cloth_33v4.jpg",
                    "bonusIDs": [
                        3455,
                        1811
                    ],
                    "name": "Katsuo's Eclipse"
                },
                {
                    "id": 137097,
                    "slot": 8,
                    "itemLevel": 940,
                    "quality": 5,
                    "icon": "inv_bracer_26.jpg",
                    "bonusIDs": [
                        3529,
                        3530,
                        1811
                    ],
                    "name": "Drinking Horn Cover"
                },
                {
                    "id": 138328,
                    "slot": 9,
                    "itemLevel": 895,
                    "quality": 4,
                    "icon": "inv_glove_leather_raidmonk_q_01.jpg",
                    "bonusIDs": [
                        3516,
                        1808,
                        1492,
                        3336
                    ],
                    "gems": [
                        {
                            "id": 130218,
                            "itemLevel": 101,
                            "icon": "inv_jewelcrafting_70_cutgem02_purple.jpg"
                        }
                    ],
                    "name": "Gloves of Enveloped Dissonance"
                },
                {
                    "id": 140895,
                    "slot": 10,
                    "itemLevel": 895,
                    "quality": 4,
                    "icon": "inv_70_raid_ring4b.jpg",
                    "permanentEnchant": 5429,
                    "permanentEnchantName": "+200.006 Mastery",
                    "bonusIDs": [
                        3516,
                        1492,
                        3336
                    ],
                    "name": "Spellblade's Gemmed Signet"
                },
                {
                    "id": 134245,
                    "slot": 11,
                    "itemLevel": 885,
                    "quality": 2,
                    "icon": "inv_70_quest_ring2b.jpg",
                    "permanentEnchant": 5429,
                    "permanentEnchantName": "+200.006 Mastery",
                    "bonusIDs": [
                        3573,
                        1808,
                        1547,
                        3336
                    ],
                    "gems": [
                        {
                            "id": 130218,
                            "itemLevel": 101,
                            "icon": "inv_jewelcrafting_70_cutgem02_purple.jpg"
                        }
                    ],
                    "name": "Nazjatar Manapearl Ring"
                },
                {
                    "id": 140808,
                    "slot": 12,
                    "itemLevel": 895,
                    "quality": 4,
                    "icon": "inv_potione_1.jpg",
                    "bonusIDs": [
                        3517,
                        1492,
                        3528
                    ],
                    "name": "Draught of Souls"
                },
                {
                    "id": 140796,
                    "slot": 13,
                    "itemLevel": 900,
                    "quality": 4,
                    "icon": "spell_nature_elementalabsorption.jpg",
                    "bonusIDs": [
                        3516,
                        1497,
                        3336
                    ],
                    "name": "Entwined Elemental Foci"
                },
                {
                    "id": 138367,
                    "slot": 14,
                    "itemLevel": 890,
                    "quality": 4,
                    "icon": "inv_cape_legionraidmonk_d_01.jpg",
                    "permanentEnchant": 5435,
                    "permanentEnchantName": "+200.006 Agility",
                    "bonusIDs": [
                        3516,
                        1487,
                        3528
                    ],
                    "name": "Cloak of Enveloped Dissonance"
                },
                {
                    "id": 128940,
                    "slot": 15,
                    "itemLevel": 928,
                    "quality": 6,
                    "icon": "inv_hand_1h_artifactskywall_d_01.jpg",
                    "bonusIDs": [
                        734
                    ],
                    "gems": [
                        {
                            "id": 140840,
                            "itemLevel": 895,
                            "icon": "inv_misc_bone_09.jpg"
                        },
                        {
                            "id": 140817,
                            "itemLevel": 910,
                            "icon": "inv_misc_varianslapel-clasp.jpg"
                        },
                        {
                            "id": 140840,
                            "itemLevel": 910,
                            "icon": "inv_misc_bone_09.jpg"
                        }
                    ],
                    "name": "Fists of the Heavens"
                },
                {
                    "id": 133948,
                    "slot": 16,
                    "itemLevel": 928,
                    "quality": 6,
                    "icon": "inv_hand_1h_artifactskywall_d_01.jpg",
                    "name": "Fists of the Heavens"
                },
                {
                    "id": 0,
                    "slot": 17,
                    "itemLevel": 0,
                    "quality": 1,
                    "icon": "inv_axe_02.jpg"
                }
            ],
            "pets": [
                {
                    "name": "Earth Spirit",
                    "id": 41,
                    "guid": 69792,
                    "type": "Pet",
                    "icon": 138121,
                    "total": 25665164,
                    "totalReduced": 0,
                    "activeTime": 98282
                },
                {
                    "name": "Fire Spirit",
                    "id": 43,
                    "guid": 69791,
                    "type": "Pet",
                    "icon": 138123,
                    "total": 27835171,
                    "totalReduced": 0,
                    "activeTime": 98381
                }
            ]
        },
        {
            "name": "Tomabear",
            "id": 14,
            "guid": 179242797,
            "type": "Warlock",
            "itemLevel": 904,
            "icon": "Warlock-Destruction",
            "total": 140312794,
            "totalReduced": 92966051,
            "activeTime": 234532,
            "activeTimeReduced": 234532,
            "abilities": [
                {
                    "name": "Chaos Bolt",
                    "total": 44542167,
                    "type": 124
                },
                {
                    "name": "Firebolt",
                    "total": 25306100,
                    "totalReduced": 0,
                    "type": 4
                },
                {
                    "name": "Conflagrate",
                    "total": 18463056,
                    "type": 4
                },
                {
                    "name": "Immolate",
                    "total": 15787605,
                    "type": 4
                },
                {
                    "name": "Incinerate",
                    "total": 10662307,
                    "type": 4
                }
            ],
            "damageAbilities": [],
            "targets": [
                {
                    "name": "Trilliax",
                    "total": 140312794,
                    "totalReduced": 92966051,
                    "type": "Boss"
                }
            ],
            "talents": [
                {
                    "name": "Backdraft",
                    "guid": 196406,
                    "type": 1,
                    "abilityIcon": "ability_warlock_backdraft.jpg"
                },
                {
                    "name": "Eradication",
                    "guid": 196412,
                    "type": 1,
                    "abilityIcon": "ability_warlock_eradication.jpg"
                },
                {
                    "name": "Demonic Circle",
                    "guid": 48018,
                    "type": 1,
                    "abilityIcon": "spell_shadow_demoniccirclesummon.jpg"
                },
                {
                    "name": "Soul Harvest",
                    "guid": 196098,
                    "type": 32,
                    "abilityIcon": "spell_warlock_demonsoul.jpg"
                },
                {
                    "name": "Burning Rush",
                    "guid": 111400,
                    "type": 1,
                    "abilityIcon": "ability_deathwing_sealarmorbreachtga.jpg"
                },
                {
                    "name": "Grimoire of Service",
                    "guid": 108501,
                    "type": 1,
                    "abilityIcon": "warlock_grimoireofservice.jpg"
                },
                {
                    "name": "Soul Conduit",
                    "guid": 215941,
                    "type": 1,
                    "abilityIcon": "spell_shadow_soulleech_2.jpg"
                }
            ],
            "gear": [
                {
                    "id": 138314,
                    "slot": 0,
                    "itemLevel": 875,
                    "quality": 4,
                    "icon": "inv_helm_cloth_raidwarlock_q_01.jpg",
                    "bonusIDs": [
                        3520,
                        1472,
                        3337
                    ],
                    "name": "Eyes of Azj'Aqir"
                },
                {
                    "id": 144479,
                    "slot": 1,
                    "itemLevel": 910,
                    "quality": 3,
                    "icon": "inv_7_0raid_necklace_04c.jpg",
                    "permanentEnchant": 5437,
                    "permanentEnchantName": "Mark of the Claw",
                    "bonusIDs": [
                        3417,
                        1562,
                        3337
                    ],
                    "name": "Master Thrasher's Lockcollar"
                },
                {
                    "id": 138323,
                    "slot": 2,
                    "itemLevel": 900,
                    "quality": 4,
                    "icon": "inv_shoulder_cloth_raidwarlock_q_01.jpg",
                    "bonusIDs": [
                        3516,
                        1497,
                        3336
                    ],
                    "name": "Pauldrons of Azj'Aqir"
                },
                {
                    "id": 4334,
                    "slot": 3,
                    "itemLevel": 1,
                    "quality": 2,
                    "icon": "inv_shirt_08.jpg",
                    "name": "Formal White Shirt"
                },
                {
                    "id": 134395,
                    "slot": 4,
                    "itemLevel": 905,
                    "quality": 2,
                    "icon": "inv_robe_cloth_legionendgame_c_01.jpg",
                    "bonusIDs": [
                        3418,
                        1567,
                        3337
                    ],
                    "name": "Netherwhisper Robes"
                },
                {
                    "id": 132456,
                    "slot": 5,
                    "itemLevel": 940,
                    "quality": 5,
                    "icon": "inv_belt_cloth_raidwarlock_n_01.jpg",
                    "bonusIDs": [
                        1811,
                        3530
                    ],
                    "name": "Feretory of Souls"
                },
                {
                    "id": 138317,
                    "slot": 6,
                    "itemLevel": 885,
                    "quality": 4,
                    "icon": "inv_pant_cloth_raidwarlock_q_01.jpg",
                    "bonusIDs": [
                        3514,
                        1482,
                        3336
                    ],
                    "name": "Leggings of Azj'Aqir"
                },
                {
                    "id": 136774,
                    "slot": 7,
                    "itemLevel": 905,
                    "quality": 3,
                    "icon": "inv_boot_cloth_legiondungeon_c_01.jpg",
                    "bonusIDs": [
                        3418,
                        1557,
                        3337
                    ],
                    "name": "Cushioned Treads of Glory"
                },
                {
                    "id": 139130,
                    "slot": 8,
                    "itemLevel": 895,
                    "quality": 2,
                    "icon": "inv_bracer_cloth_legionquest100_b_01.jpg",
                    "bonusIDs": [
                        3414,
                        1557,
                        3337
                    ],
                    "name": "Sunfrost Wristwraps"
                },
                {
                    "id": 133609,
                    "slot": 9,
                    "itemLevel": 890,
                    "quality": 3,
                    "icon": "inv_glove_cloth_legiondungeon_c_01.jpg",
                    "bonusIDs": [
                        3418,
                        1542,
                        3528
                    ],
                    "name": "Silken Bloodscent Gloves"
                },
                {
                    "id": 134524,
                    "slot": 10,
                    "itemLevel": 900,
                    "quality": 3,
                    "icon": "inv_70_dungeon_ring5c.jpg",
                    "permanentEnchant": 5428,
                    "permanentEnchantName": "+200.006 Haste",
                    "bonusIDs": [
                        3416,
                        1552,
                        3337
                    ],
                    "name": "Band of the Wyrm Matron"
                },
                {
                    "id": 134530,
                    "slot": 11,
                    "itemLevel": 900,
                    "quality": 3,
                    "icon": "inv_70_dungeon_ring6b.jpg",
                    "permanentEnchant": 5428,
                    "permanentEnchantName": "+200.006 Haste",
                    "bonusIDs": [
                        3418,
                        1808,
                        1552,
                        3336
                    ],
                    "gems": [
                        {
                            "id": 130248,
                            "itemLevel": 110,
                            "icon": "inv_jewelcrafting_70_saberseye.jpg"
                        }
                    ],
                    "name": "Loop of Vitriolic Intent"
                },
                {
                    "id": 144259,
                    "slot": 12,
                    "itemLevel": 940,
                    "quality": 5,
                    "icon": "sha_spell_fire_bluepyroblast_nightmare.jpg",
                    "bonusIDs": [
                        3529,
                        3530,
                        1811
                    ],
                    "name": "Kil'jaeden's Burning Wish"
                },
                {
                    "id": 140792,
                    "slot": 13,
                    "itemLevel": 895,
                    "quality": 4,
                    "icon": "inv_misc_pocketwatch_01.jpg",
                    "bonusIDs": [
                        3443,
                        1492,
                        3337
                    ],
                    "name": "Erratic Metronome"
                },
                {
                    "id": 138373,
                    "slot": 14,
                    "itemLevel": 900,
                    "quality": 4,
                    "icon": "inv_cape_legionraidwarlock_d_01.jpg",
                    "permanentEnchant": 5436,
                    "permanentEnchantName": "+200.006 Intellect",
                    "bonusIDs": [
                        3516,
                        1497,
                        3336
                    ],
                    "name": "Cloak of Azj'Aqir"
                },
                {
                    "id": 128941,
                    "slot": 15,
                    "itemLevel": 919,
                    "quality": 6,
                    "icon": "inv_staff_2h_artifactsargeras_d_01.jpg",
                    "bonusIDs": [
                        749
                    ],
                    "gems": [
                        {
                            "id": 140824,
                            "itemLevel": 890,
                            "icon": "inv_scroll_14.jpg"
                        },
                        {
                            "id": 140836,
                            "itemLevel": 905,
                            "icon": "inv_ore_gold_nugget.jpg"
                        },
                        {
                            "id": 140824,
                            "itemLevel": 890,
                            "icon": "inv_scroll_14.jpg"
                        }
                    ],
                    "name": "Scepter of Sargeras"
                },
                {
                    "id": 0,
                    "slot": 16,
                    "itemLevel": 0,
                    "quality": 1,
                    "icon": "inv_axe_02.jpg"
                },
                {
                    "id": 0,
                    "slot": 17,
                    "itemLevel": 0,
                    "quality": 1,
                    "icon": "inv_axe_02.jpg"
                }
            ],
            "pets": [
                {
                    "name": "Zepjub",
                    "id": 26,
                    "guid": 42149454,
                    "type": "Pet",
                    "icon": 688,
                    "total": 14354831,
                    "totalReduced": 0,
                    "activeTime": 221030
                },
                {
                    "name": "Doomguard",
                    "id": 145,
                    "guid": 11859,
                    "type": "Pet",
                    "icon": 60478,
                    "total": 6129511,
                    "totalReduced": 0,
                    "activeTime": 43682
                },
                {
                    "name": "Unstable Tear",
                    "id": 51,
                    "guid": 94584,
                    "type": "Pet",
                    "icon": 187370,
                    "total": 3035970,
                    "totalReduced": 0,
                    "activeTime": 10303
                },
                {
                    "name": "Chaos Tear",
                    "id": 50,
                    "guid": 108493,
                    "type": "Pet",
                    "icon": 215276,
                    "total": 2412070,
                    "totalReduced": 0,
                    "activeTime": 0
                },
                {
                    "name": "Flame Rift",
                    "id": 54,
                    "guid": 121643,
                    "type": "Pet",
                    "icon": 242983,
                    "total": 7454030,
                    "totalReduced": 0,
                    "activeTime": 54040
                },
                {
                    "name": "Imp",
                    "id": 120,
                    "guid": 416,
                    "type": "Pet",
                    "icon": 111859,
                    "total": 10951269,
                    "totalReduced": 0,
                    "activeTime": 77282
                },
                {
                    "name": "Shadowy Tear",
                    "id": 28,
                    "guid": 99887,
                    "type": "Pet",
                    "icon": 196639,
                    "total": 3009062,
                    "totalReduced": 0,
                    "activeTime": 25126
                }
            ]
        },
        {
            "name": "Brunbear",
            "id": 15,
            "guid": 175689719,
            "type": "Monk",
            "itemLevel": 903,
            "icon": "Monk-Brewmaster",
            "total": 110642590,
            "activeTime": 308273,
            "activeTimeReduced": 308273,
            "blocked": 1463419,
            "abilities": [
                {
                    "name": "Tiger Palm",
                    "total": 35687251,
                    "type": 9
                },
                {
                    "name": "Keg Smash",
                    "total": 23218211,
                    "type": 1
                },
                {
                    "name": "Blackout Strike",
                    "total": 21723548,
                    "type": 1
                },
                {
                    "name": "Breath of Fire",
                    "total": 7869465,
                    "type": 4
                },
                {
                    "name": "Melee",
                    "total": 7755778,
                    "type": 1
                }
            ],
            "damageAbilities": [],
            "targets": [
                {
                    "name": "Trilliax",
                    "total": 110642590,
                    "type": "Boss"
                }
            ],
            "talents": [
                {
                    "name": "Eye of the Tiger",
                    "guid": 196607,
                    "type": 1,
                    "abilityIcon": "ability_druid_primalprecision.jpg"
                },
                {
                    "name": "Celerity",
                    "guid": 115173,
                    "type": 1,
                    "abilityIcon": "ability_monk_quipunch.jpg"
                },
                {
                    "name": "Black Ox Brew",
                    "guid": 115399,
                    "type": 1,
                    "abilityIcon": "ability_monk_chibrew.jpg"
                },
                {
                    "name": "Summon Black Ox Statue",
                    "guid": 115315,
                    "type": 1,
                    "abilityIcon": "monk_ability_summonoxstatue.jpg"
                },
                {
                    "name": "Mystic Vitality",
                    "guid": 237076,
                    "type": 1,
                    "abilityIcon": "ability_monk_forcesphere.jpg"
                },
                {
                    "name": "Special Delivery",
                    "guid": 196730,
                    "type": 1,
                    "abilityIcon": "achievement_brewery_2.jpg"
                },
                {
                    "name": "Blackout Combo",
                    "guid": 196736,
                    "type": 1,
                    "abilityIcon": "ability_monk_blackoutkick.jpg"
                }
            ],
            "gear": [
                {
                    "id": 138331,
                    "slot": 0,
                    "itemLevel": 895,
                    "quality": 4,
                    "icon": "inv_helm_leather_raidmonk_q_01.jpg",
                    "bonusIDs": [
                        3516,
                        1492,
                        3336
                    ],
                    "name": "Hood of Enveloped Dissonance"
                },
                {
                    "id": 137311,
                    "slot": 1,
                    "itemLevel": 905,
                    "quality": 3,
                    "icon": "inv_7_0raid_necklace_12c.jpg",
                    "permanentEnchant": 5439,
                    "permanentEnchantName": "Mark of the Hidden Satyr",
                    "bonusIDs": [
                        3415,
                        1557,
                        3337
                    ],
                    "name": "Chain of the Green Flight"
                },
                {
                    "id": 134374,
                    "slot": 2,
                    "itemLevel": 905,
                    "quality": 2,
                    "icon": "inv_shoulder_leather_legionendgame_c_01.jpg",
                    "bonusIDs": [
                        3418,
                        43,
                        1567,
                        3337
                    ],
                    "name": "Felbat Leather Pauldrons"
                },
                {
                    "id": 0,
                    "slot": 3,
                    "itemLevel": 0,
                    "quality": 1,
                    "icon": "inv_axe_02.jpg"
                },
                {
                    "id": 138325,
                    "slot": 4,
                    "itemLevel": 880,
                    "quality": 4,
                    "icon": "inv_chest_leather_raidmonk_q_01.jpg",
                    "bonusIDs": [
                        3514,
                        1477,
                        3336
                    ],
                    "name": "Tunic of Enveloped Dissonance"
                },
                {
                    "id": 140859,
                    "slot": 5,
                    "itemLevel": 890,
                    "quality": 4,
                    "icon": "inv_leather_raidrogue_q_01belt.jpg",
                    "bonusIDs": [
                        3516,
                        41,
                        1487,
                        3528
                    ],
                    "name": "Girdle of Nefarious Strategy"
                },
                {
                    "id": 138334,
                    "slot": 6,
                    "itemLevel": 915,
                    "quality": 4,
                    "icon": "inv_pant_leather_raidmonk_q_01.jpg",
                    "bonusIDs": [
                        3516,
                        1512,
                        3337
                    ],
                    "name": "Leggings of Enveloped Dissonance"
                },
                {
                    "id": 137027,
                    "slot": 7,
                    "itemLevel": 940,
                    "quality": 5,
                    "icon": "inv_boots_leather_13v1.jpg",
                    "bonusIDs": [
                        3529,
                        3530,
                        1811
                    ],
                    "name": "Firestone Walkers"
                },
                {
                    "id": 134458,
                    "slot": 8,
                    "itemLevel": 895,
                    "quality": 3,
                    "icon": "inv_bracer_leather_legiondungeon_c_01.jpg",
                    "bonusIDs": [
                        3416,
                        1547,
                        3336
                    ],
                    "name": "Wristbands of Rousing Violence"
                },
                {
                    "id": 140905,
                    "slot": 9,
                    "itemLevel": 900,
                    "quality": 4,
                    "icon": "inv_leather_raidrogue_q_01glove.jpg",
                    "bonusIDs": [
                        3516,
                        1497,
                        3336
                    ],
                    "name": "Gloves of Synchronous Elements"
                },
                {
                    "id": 133634,
                    "slot": 10,
                    "itemLevel": 905,
                    "quality": 3,
                    "icon": "inv_misc_ring_6_0_013.jpg",
                    "bonusIDs": [
                        3418,
                        40,
                        1557,
                        3337
                    ],
                    "name": "Grasping Tentacle Loop"
                },
                {
                    "id": 142173,
                    "slot": 11,
                    "itemLevel": 905,
                    "quality": 4,
                    "icon": "inv_70_raid_ring3c.jpg",
                    "permanentEnchant": 5425,
                    "permanentEnchantName": "+150.005 Mastery",
                    "bonusIDs": [
                        3418,
                        1517,
                        3337
                    ],
                    "name": "Ring of Collapsing Futures"
                },
                {
                    "id": 136978,
                    "slot": 12,
                    "itemLevel": 905,
                    "quality": 3,
                    "icon": "inv_7_0raid_trinket_010c.jpg",
                    "bonusIDs": [
                        3418,
                        1557,
                        3337
                    ],
                    "name": "Ember of Nullification"
                },
                {
                    "id": 144249,
                    "slot": 13,
                    "itemLevel": 940,
                    "quality": 5,
                    "icon": "spell_nature_elementalshields.jpg",
                    "bonusIDs": [
                        1811,
                        3530
                    ],
                    "name": "Archimonde's Hatred Reborn"
                },
                {
                    "id": 138367,
                    "slot": 14,
                    "itemLevel": 880,
                    "quality": 4,
                    "icon": "inv_cape_legionraidmonk_d_01.jpg",
                    "permanentEnchant": 5435,
                    "permanentEnchantName": "+200.006 Agility",
                    "bonusIDs": [
                        3514,
                        1477,
                        3336
                    ],
                    "name": "Cloak of Enveloped Dissonance"
                },
                {
                    "id": 128938,
                    "slot": 15,
                    "itemLevel": 901,
                    "quality": 6,
                    "icon": "inv_staff_2h_artifactmonkeyking_d_01.jpg",
                    "bonusIDs": [
                        732
                    ],
                    "gems": [
                        {
                            "id": 137339,
                            "itemLevel": 860,
                            "icon": "inv_misc_qirajicrystal_03.jpg"
                        },
                        {
                            "id": 136974,
                            "itemLevel": 880,
                            "icon": "spell_lightning_lightningbolt01.jpg"
                        },
                        {
                            "id": 137371,
                            "itemLevel": 885,
                            "icon": "item_earthenmight.jpg"
                        }
                    ],
                    "name": "Fu Zan, the Wanderer's Companion"
                },
                {
                    "id": 0,
                    "slot": 16,
                    "itemLevel": 0,
                    "quality": 1,
                    "icon": "inv_axe_02.jpg"
                },
                {
                    "id": 0,
                    "slot": 17,
                    "itemLevel": 0,
                    "quality": 1,
                    "icon": "inv_axe_02.jpg"
                }
            ]
        },
        {
            "name": "Anonybear",
            "id": 5,
            "guid": 177629293,
            "type": "Warlock",
            "itemLevel": 902,
            "icon": "Warlock-Demonology",
            "total": 212336492,
            "totalReduced": 37249808,
            "activeTime": 308960,
            "activeTimeReduced": 295461,
            "abilities": [
                {
                    "name": "Fel Firebolt",
                    "total": 61839710,
                    "totalReduced": 0,
                    "type": 4
                },
                {
                    "name": "Melee",
                    "total": 45704729,
                    "totalReduced": 55865,
                    "type": 1
                },
                {
                    "name": "Legion Strike",
                    "total": 21304593,
                    "totalReduced": 0,
                    "type": 1
                },
                {
                    "name": "Doom Bolt",
                    "total": 19193986,
                    "totalReduced": 0,
                    "type": 32,
                    "petName": "Doomguard"
                },
                {
                    "name": "Thal'kiel's Ascendance",
                    "total": 16369334,
                    "totalReduced": 0,
                    "type": 32
                }
            ],
            "damageAbilities": [],
            "targets": [
                {
                    "name": "Trilliax",
                    "total": 212336492,
                    "totalReduced": 37249808,
                    "type": "Boss"
                }
            ],
            "talents": [
                {
                    "name": "Shadowy Inspiration",
                    "guid": 196269,
                    "type": 1,
                    "abilityIcon": "warlock_curse_shadow.jpg"
                },
                {
                    "name": "Improved Dreadstalkers",
                    "guid": 196272,
                    "type": 1,
                    "abilityIcon": "ability_warlock_empoweredimp.jpg"
                },
                {
                    "name": "Mortal Coil",
                    "guid": 6789,
                    "type": 1,
                    "abilityIcon": "ability_warlock_mortalcoil.jpg"
                },
                {
                    "name": "Power Trip",
                    "guid": 196605,
                    "type": 1,
                    "abilityIcon": "spell_shadow_demonictactics.jpg"
                },
                {
                    "name": "Demon Skin",
                    "guid": 219272,
                    "type": 1,
                    "abilityIcon": "spell_shadow_felarmour.jpg"
                },
                {
                    "name": "Grimoire of Service",
                    "guid": 108501,
                    "type": 1,
                    "abilityIcon": "warlock_grimoireofservice.jpg"
                },
                {
                    "name": "Soul Conduit",
                    "guid": 215941,
                    "type": 1,
                    "abilityIcon": "spell_shadow_soulleech_2.jpg"
                }
            ],
            "gear": [
                {
                    "id": 138314,
                    "slot": 0,
                    "itemLevel": 880,
                    "quality": 4,
                    "icon": "inv_helm_cloth_raidwarlock_q_01.jpg",
                    "bonusIDs": [
                        3514,
                        1808,
                        1477,
                        3336
                    ],
                    "gems": [
                        {
                            "id": 130220,
                            "itemLevel": 110,
                            "icon": "inv_jewelcrafting_70_cutgem03_yellow.jpg"
                        }
                    ],
                    "name": "Eyes of Azj'Aqir"
                },
                {
                    "id": 140900,
                    "slot": 1,
                    "itemLevel": 910,
                    "quality": 4,
                    "icon": "inv_7_0raid_necklace_17b.jpg",
                    "permanentEnchant": 5437,
                    "permanentEnchantName": "Mark of the Claw",
                    "bonusIDs": [
                        3516,
                        42,
                        1507,
                        3337
                    ],
                    "name": "Brooch of the Astral Scryer"
                },
                {
                    "id": 132393,
                    "slot": 2,
                    "itemLevel": 940,
                    "quality": 5,
                    "icon": "inv_shoulder_cloth_raidwarlock_l_01.jpg",
                    "bonusIDs": [
                        1811,
                        3530
                    ],
                    "name": "Recurrent Ritual"
                },
                {
                    "id": 0,
                    "slot": 3,
                    "itemLevel": 0,
                    "quality": 1,
                    "icon": "inv_axe_02.jpg"
                },
                {
                    "id": 138320,
                    "slot": 4,
                    "itemLevel": 890,
                    "quality": 4,
                    "icon": "inv_chest_cloth_raidwarlock_q_01.jpg",
                    "bonusIDs": [
                        3514,
                        1487,
                        3337
                    ],
                    "name": "Finery of Azj'Aqir"
                },
                {
                    "id": 140887,
                    "slot": 5,
                    "itemLevel": 895,
                    "quality": 4,
                    "icon": "inv_belt_cloth_raidwarlock_q_01.jpg",
                    "bonusIDs": [
                        3516,
                        1492,
                        3336
                    ],
                    "name": "Man'ari Skullbuckled Cinch"
                },
                {
                    "id": 138317,
                    "slot": 6,
                    "itemLevel": 895,
                    "quality": 4,
                    "icon": "inv_pant_cloth_raidwarlock_q_01.jpg",
                    "bonusIDs": [
                        3516,
                        1492,
                        3336
                    ],
                    "name": "Leggings of Azj'Aqir"
                },
                {
                    "id": 140854,
                    "slot": 7,
                    "itemLevel": 885,
                    "quality": 4,
                    "icon": "inv_boot_cloth_raidwarlock_q_01.jpg",
                    "bonusIDs": [
                        3444,
                        1482,
                        1813
                    ],
                    "name": "Perpetually Muddy Sandals"
                },
                {
                    "id": 137434,
                    "slot": 8,
                    "itemLevel": 905,
                    "quality": 3,
                    "icon": "inv_bracer_cloth_legiondungeon_c_01.jpg",
                    "bonusIDs": [
                        3418,
                        1557,
                        3337
                    ],
                    "name": "Split-Vein Bracers"
                },
                {
                    "id": 134420,
                    "slot": 9,
                    "itemLevel": 905,
                    "quality": 3,
                    "icon": "inv_glove_cloth_legiondungeon_c_01.jpg",
                    "bonusIDs": [
                        3418,
                        1557,
                        3337
                    ],
                    "name": "Gloves of the Mountain Conquest"
                },
                {
                    "id": 132369,
                    "slot": 10,
                    "itemLevel": 940,
                    "quality": 5,
                    "icon": "inv_jewelry_ring_78.jpg",
                    "permanentEnchant": 5428,
                    "permanentEnchantName": "+200.006 Haste",
                    "bonusIDs": [
                        3529,
                        3530,
                        1811
                    ],
                    "gems": [
                        {
                            "id": 130248,
                            "itemLevel": 110,
                            "icon": "inv_jewelcrafting_70_saberseye.jpg"
                        }
                    ],
                    "name": "Wilfred's Sigil of Superior Summoning"
                },
                {
                    "id": 147766,
                    "slot": 11,
                    "itemLevel": 900,
                    "quality": 4,
                    "icon": "inv_70_raid_ring6c.jpg",
                    "permanentEnchant": 5428,
                    "permanentEnchantName": "+200.006 Haste",
                    "bonusIDs": [
                        3572,
                        1482,
                        3528
                    ],
                    "name": "Band of Dark Millennia"
                },
                {
                    "id": 140792,
                    "slot": 12,
                    "itemLevel": 870,
                    "quality": 4,
                    "icon": "inv_misc_pocketwatch_01.jpg",
                    "bonusIDs": [
                        3443,
                        1808,
                        40,
                        1467,
                        1813
                    ],
                    "gems": [
                        {
                            "id": 130220,
                            "itemLevel": 110,
                            "icon": "inv_jewelcrafting_70_cutgem03_yellow.jpg"
                        }
                    ],
                    "name": "Erratic Metronome"
                },
                {
                    "id": 140809,
                    "slot": 13,
                    "itemLevel": 880,
                    "quality": 4,
                    "icon": "inv_7_0raid_trinket_08c.jpg",
                    "bonusIDs": [
                        3515,
                        1477,
                        1813
                    ],
                    "name": "Whispers in the Dark"
                },
                {
                    "id": 138373,
                    "slot": 14,
                    "itemLevel": 895,
                    "quality": 4,
                    "icon": "inv_cape_legionraidwarlock_d_01.jpg",
                    "permanentEnchant": 5436,
                    "permanentEnchantName": "+200.006 Intellect",
                    "bonusIDs": [
                        3516,
                        40,
                        1492,
                        3336
                    ],
                    "name": "Cloak of Azj'Aqir"
                },
                {
                    "id": 137246,
                    "slot": 15,
                    "itemLevel": 922,
                    "quality": 6,
                    "icon": "inv_knife_1h_artifactskulloferedar_d_01.jpg",
                    "name": "Spine of Thal'kiel"
                },
                {
                    "id": 128943,
                    "slot": 16,
                    "itemLevel": 922,
                    "quality": 6,
                    "icon": "inv_offhand_1h_artifactskulloferedar_d_01.jpg",
                    "bonusIDs": [
                        748
                    ],
                    "gems": [
                        {
                            "id": 140822,
                            "itemLevel": 890,
                            "icon": "spell_shadow_shadowfury.jpg"
                        },
                        {
                            "id": 147756,
                            "itemLevel": 900,
                            "icon": "ability_vehicle_demolisherflamecatapult.jpg"
                        },
                        {
                            "id": 142181,
                            "itemLevel": 905,
                            "icon": "inv_icon_shadowcouncilorb_green.jpg"
                        }
                    ],
                    "name": "Skull of the Man'ari"
                },
                {
                    "id": 0,
                    "slot": 17,
                    "itemLevel": 0,
                    "quality": 1,
                    "icon": "inv_axe_02.jpg"
                }
            ],
            "pets": [
                {
                    "name": "Felguard",
                    "id": 35,
                    "guid": 17252,
                    "type": "Pet",
                    "icon": 111898,
                    "total": 21841612,
                    "totalReduced": 0,
                    "activeTime": 101329
                },
                {
                    "name": "Wild Imp",
                    "id": 31,
                    "guid": 99737,
                    "type": "Pet",
                    "icon": 196274,
                    "total": 17751757,
                    "totalReduced": 0,
                    "activeTime": 244569
                },
                {
                    "name": "Doomguard",
                    "id": 32,
                    "guid": 11859,
                    "type": "Pet",
                    "icon": 60478,
                    "total": 19927453,
                    "totalReduced": 0,
                    "activeTime": 89681
                },
                {
                    "name": "Dreadstalker",
                    "id": 30,
                    "guid": 98035,
                    "type": "Pet",
                    "icon": 193331,
                    "total": 22411573,
                    "totalReduced": 0,
                    "activeTime": 247026
                },
                {
                    "name": "Veezekeel",
                    "id": 20,
                    "guid": 41738745,
                    "type": "Pet",
                    "icon": 30146,
                    "total": 39097995,
                    "totalReduced": 0,
                    "activeTime": 308480
                },
                {
                    "name": "Wild Imp",
                    "id": 46,
                    "guid": 55659,
                    "type": "Pet",
                    "icon": 104317,
                    "total": 54056294,
                    "totalReduced": 0,
                    "activeTime": 297747
                }
            ]
        }
    ],
    "totalTime": 310689
}