{
    "entries": [
        {
            "name": "Bootybear",
            "id": 1,
            "guid": 175085730,
            "type": "Warrior",
            "itemLevel": 859,
            "icon": "Warrior-Protection",
            "total": 55556928,
            "activeTime": 503420,
            "activeTimeReduced": 503420,
            "blocked": 922721,
            "abilities": [
                {
                    "name": "Devastate",
                    "total": 16390435,
                    "type": 1
                },
                {
                    "name": "Shield Slam",
                    "total": 14654205,
                    "type": 1
                },
                {
                    "name": "Deep Wounds",
                    "total": 9381089,
                    "type": 1
                },
                {
                    "name": "Revenge",
                    "total": 6193233,
                    "type": 1
                },
                {
                    "name": "Melee",
                    "total": 5912803,
                    "type": 1
                }
            ],
            "damageAbilities": [],
            "targets": [
                {
                    "name": "Xavius",
                    "total": 48526005,
                    "type": "Boss"
                },
                {
                    "name": "Corruption Horror",
                    "total": 3598084,
                    "type": "NPC"
                },
                {
                    "name": "Nightmare Tentacle",
                    "total": 3077451,
                    "type": "NPC"
                },
                {
                    "name": "Inconceivable Horror",
                    "total": 355388,
                    "type": "NPC"
                }
            ],
            "talents": [],
            "gear": []
        },
        {
            "name": "Scipio",
            "id": 7,
            "guid": 176881378,
            "type": "Rogue",
            "itemLevel": 835,
            "icon": "Rogue-Outlaw",
            "total": 56024426,
            "totalReduced": 54499067,
            "activeTime": 447690,
            "activeTimeReduced": 424195,
            "blocked": 129907,
            "abilities": [
                {
                    "name": "Run Through",
                    "total": 21258340,
                    "type": 1
                },
                {
                    "name": "Saber Slash",
                    "total": 10041333,
                    "type": 1
                },
                {
                    "name": "Melee",
                    "total": 7224704,
                    "type": 1
                },
                {
                    "name": "Saber Slash",
                    "total": 4225167,
                    "type": 1
                },
                {
                    "name": "Main Gauche",
                    "total": 3709421,
                    "type": 1
                }
            ],
            "damageAbilities": [],
            "targets": [
                {
                    "name": "Xavius",
                    "total": 42246672,
                    "totalReduced": 40819057,
                    "type": "Boss"
                },
                {
                    "name": "Corruption Horror",
                    "total": 11613497,
                    "totalReduced": 11515753,
                    "type": "NPC"
                },
                {
                    "name": "Nightmare Tentacle",
                    "total": 1316951,
                    "type": "NPC"
                },
                {
                    "name": "Inconceivable Horror",
                    "total": 847306,
                    "type": "NPC"
                }
            ],
            "talents": [],
            "gear": [],
            "pets": [
                {
                    "name": "Spawn of Serpentrix",
                    "id": 17,
                    "guid": 108655,
                    "type": "Pet",
                    "icon": 215750,
                    "total": 1525359,
                    "totalReduced": 0,
                    "activeTime": 112925
                }
            ]
        },
        {
            "name": "Narireian",
            "id": 81,
            "guid": 149520771,
            "type": "Shaman",
            "itemLevel": 856,
            "icon": "Shaman-Enhancement",
            "total": 137178509,
            "totalReduced": 130802589,
            "activeTime": 499458,
            "activeTimeReduced": 499458,
            "blocked": 106596,
            "abilities": [
                {
                    "name": "Stormstrike",
                    "total": 36065474,
                    "type": 1
                },
                {
                    "name": "Frostbrand",
                    "total": 20727795,
                    "type": 16
                },
                {
                    "name": "Boulderfist",
                    "total": 13259209,
                    "type": 8
                },
                {
                    "name": "Flametongue",
                    "total": 10891435,
                    "type": 4
                },
                {
                    "name": "Windfury Attack",
                    "total": 10650443,
                    "type": 1
                }
            ],
            "damageAbilities": [],
            "targets": [
                {
                    "name": "Xavius",
                    "total": 108643502,
                    "totalReduced": 102267582,
                    "type": "Boss"
                },
                {
                    "name": "Corruption Horror",
                    "total": 21450853,
                    "type": "NPC"
                },
                {
                    "name": "Inconceivable Horror",
                    "total": 3959751,
                    "type": "NPC"
                },
                {
                    "name": "Nightmare Tentacle",
                    "total": 3118186,
                    "type": "NPC"
                },
                {
                    "name": "Mobear",
                    "total": 6217,
                    "type": "Druid"
                }
            ],
            "talents": [],
            "gear": [],
            "pets": [
                {
                    "name": "Spirit Wolf",
                    "id": 88,
                    "guid": 100820,
                    "type": "Pet",
                    "icon": 198506,
                    "total": 6375920,
                    "totalReduced": 0,
                    "activeTime": 86839
                }
            ]
        },
        {
            "name": "Hati",
            "id": 97,
            "guid": 106548,
            "type": "Pet",
            "icon": "Pet",
            "total": 45175,
            "totalReduced": 0,
            "activeTime": 0,
            "abilities": [
                {
                    "name": "Kill Command",
                    "total": 45175,
                    "totalReduced": 0,
                    "type": 1
                }
            ],
            "damageAbilities": [],
            "targets": [
                {
                    "name": "Xavius",
                    "total": 45175,
                    "totalReduced": 0,
                    "type": "Boss"
                }
            ]
        },
        {
            "name": "Acebear",
            "id": 12,
            "guid": 175980049,
            "type": "Mage",
            "itemLevel": 852,
            "icon": "Mage-Fire",
            "total": 139077492,
            "activeTime": 498118,
            "activeTimeReduced": 498118,
            "abilities": [
                {
                    "name": "Ignite",
                    "total": 54255099,
                    "type": 4
                },
                {
                    "name": "Pyroblast",
                    "total": 31955782,
                    "type": 4
                },
                {
                    "name": "Fireball",
                    "total": 17869493,
                    "type": 4
                },
                {
                    "name": "Phoenix's Flames",
                    "total": 8048938,
                    "type": 4
                },
                {
                    "name": "Fire Blast",
                    "total": 7880234,
                    "type": 4
                }
            ],
            "damageAbilities": [],
            "targets": [
                {
                    "name": "Xavius",
                    "total": 74905893,
                    "type": "Boss"
                },
                {
                    "name": "Nightmare Tentacle",
                    "total": 37346332,
                    "type": "NPC"
                },
                {
                    "name": "Corruption Horror",
                    "total": 15951636,
                    "type": "NPC"
                },
                {
                    "name": "Inconceivable Horror",
                    "total": 10036826,
                    "type": "NPC"
                },
                {
                    "name": "Mobear",
                    "total": 836805,
                    "type": "Druid"
                }
            ],
            "talents": [],
            "gear": []
        },
        {
            "name": "Slattybear",
            "id": 10,
            "guid": 176609697,
            "type": "Priest",
            "itemLevel": 852,
            "icon": "Priest-Shadow",
            "total": 79343323,
            "totalReduced": 72237528,
            "activeTime": 500210,
            "activeTimeReduced": 499935,
            "abilities": [
                {
                    "name": "Vampiric Touch",
                    "total": 17938140,
                    "type": 32
                },
                {
                    "name": "Shadow Word: Pain",
                    "total": 16950264,
                    "type": 32
                },
                {
                    "name": "Void Bolt",
                    "total": 9876495,
                    "type": 32
                },
                {
                    "name": "Mind Blast",
                    "total": 8623311,
                    "type": 32
                },
                {
                    "name": "Melee",
                    "total": 7105795,
                    "totalReduced": 0,
                    "type": 32,
                    "petName": "Mindbender"
                }
            ],
            "damageAbilities": [],
            "targets": [
                {
                    "name": "Xavius",
                    "total": 66039166,
                    "totalReduced": 59978203,
                    "type": "Boss"
                },
                {
                    "name": "Corruption Horror",
                    "total": 11524676,
                    "totalReduced": 10479844,
                    "type": "NPC"
                },
                {
                    "name": "Inconceivable Horror",
                    "total": 1583416,
                    "type": "NPC"
                },
                {
                    "name": "Nightmare Tentacle",
                    "total": 196065,
                    "type": "NPC"
                }
            ],
            "talents": [],
            "gear": [],
            "pets": [
                {
                    "name": "Mindbender",
                    "id": 15,
                    "guid": 62982,
                    "type": "Pet",
                    "icon": 200174,
                    "total": 7105795,
                    "totalReduced": 0,
                    "activeTime": 127391
                }
            ]
        },
        {
            "name": "Jaxbear",
            "id": 50,
            "guid": 175318555,
            "type": "Shaman",
            "itemLevel": 858,
            "icon": "Shaman-Restoration",
            "total": 8793,
            "activeTime": 0,
            "activeTimeReduced": 0,
            "abilities": [
                {
                    "name": "Melee",
                    "total": 8793,
                    "type": 1
                }
            ],
            "damageAbilities": [],
            "targets": [
                {
                    "name": "Nightmare Tentacle",
                    "total": 8793,
                    "type": "NPC"
                }
            ],
            "talents": [],
            "gear": []
        },
        {
            "name": "Kandibear",
            "id": 3,
            "guid": 175943197,
            "type": "Rogue",
            "itemLevel": 853,
            "icon": "Rogue-Outlaw",
            "total": 101577506,
            "totalReduced": 98800343,
            "activeTime": 501438,
            "activeTimeReduced": 501438,
            "blocked": 833444,
            "abilities": [
                {
                    "name": "Run Through",
                    "total": 40847162,
                    "type": 1
                },
                {
                    "name": "Saber Slash",
                    "total": 16368390,
                    "type": 1
                },
                {
                    "name": "Melee",
                    "total": 12381627,
                    "type": 1
                },
                {
                    "name": "Saber Slash",
                    "total": 7016728,
                    "type": 1
                },
                {
                    "name": "Greed",
                    "total": 6625200,
                    "type": 1
                }
            ],
            "damageAbilities": [],
            "targets": [
                {
                    "name": "Xavius",
                    "total": 81837272,
                    "totalReduced": 80061718,
                    "type": "Boss"
                },
                {
                    "name": "Corruption Horror",
                    "total": 17575098,
                    "totalReduced": 16573489,
                    "type": "NPC"
                },
                {
                    "name": "Nightmare Tentacle",
                    "total": 2165136,
                    "type": "NPC"
                }
            ],
            "talents": [],
            "gear": [],
            "pets": [
                {
                    "name": "Spawn of Serpentrix",
                    "id": 16,
                    "guid": 108655,
                    "type": "Pet",
                    "icon": 215750,
                    "total": 2777163,
                    "totalReduced": 0,
                    "activeTime": 116998
                }
            ]
        },
        {
            "name": "Mam\u00e1bear",
            "id": 4,
            "guid": 176644315,
            "type": "Paladin",
            "itemLevel": 850,
            "icon": "Paladin-Holy",
            "total": 3777646,
            "activeTime": 41311,
            "activeTimeReduced": 41311,
            "blocked": 22204,
            "abilities": [
                {
                    "name": "Holy Prism",
                    "total": 2732947,
                    "type": 2
                },
                {
                    "name": "Judgment",
                    "total": 594115,
                    "type": 2
                },
                {
                    "name": "Melee",
                    "total": 450584,
                    "type": 1
                }
            ],
            "damageAbilities": [],
            "targets": [
                {
                    "name": "Xavius",
                    "total": 3658822,
                    "type": "Boss"
                },
                {
                    "name": "Corruption Horror",
                    "total": 118824,
                    "type": "NPC"
                }
            ],
            "talents": [],
            "gear": []
        },
        {
            "name": "Brunbear",
            "id": 9,
            "guid": 175689719,
            "type": "Monk",
            "itemLevel": 850,
            "icon": "Monk-Brewmaster",
            "total": 47603958,
            "activeTime": 492638,
            "activeTimeReduced": 492638,
            "blocked": 369150,
            "abilities": [
                {
                    "name": "Keg Smash",
                    "total": 15206767,
                    "type": 1
                },
                {
                    "name": "Blackout Strike",
                    "total": 10150221,
                    "type": 1
                },
                {
                    "name": "Tiger Palm",
                    "total": 7658692,
                    "type": 9
                },
                {
                    "name": "Melee",
                    "total": 6023430,
                    "type": 1
                },
                {
                    "name": "Exploding Keg",
                    "total": 3156207,
                    "type": 4
                }
            ],
            "damageAbilities": [],
            "targets": [
                {
                    "name": "Xavius",
                    "total": 35920355,
                    "type": "Boss"
                },
                {
                    "name": "Corruption Horror",
                    "total": 6515957,
                    "type": "NPC"
                },
                {
                    "name": "Nightmare Tentacle",
                    "total": 5084313,
                    "type": "NPC"
                },
                {
                    "name": "Inconceivable Horror",
                    "total": 83333,
                    "type": "NPC"
                }
            ],
            "talents": [],
            "gear": []
        },
        {
            "name": "Yellowbear",
            "id": 5,
            "guid": 176681610,
            "type": "Monk",
            "itemLevel": 848,
            "icon": "Monk-Windwalker",
            "total": 103670150,
            "activeTime": 488239,
            "activeTimeReduced": 488239,
            "blocked": 203392,
            "abilities": [
                {
                    "name": "Fists of Fury",
                    "total": 27545420,
                    "type": 1
                },
                {
                    "name": "Strike of the Windlord",
                    "total": 22029944,
                    "type": 1
                },
                {
                    "name": "Rising Sun Kick",
                    "total": 16323655,
                    "type": 1
                },
                {
                    "name": "Blackout Kick",
                    "total": 13240601,
                    "type": 1
                },
                {
                    "name": "Touch of Death",
                    "total": 5809944,
                    "type": 1
                }
            ],
            "damageAbilities": [],
            "targets": [
                {
                    "name": "Xavius",
                    "total": 80208246,
                    "type": "Boss"
                },
                {
                    "name": "Corruption Horror",
                    "total": 15293392,
                    "type": "NPC"
                },
                {
                    "name": "Nightmare Tentacle",
                    "total": 4625635,
                    "type": "NPC"
                },
                {
                    "name": "Inconceivable Horror",
                    "total": 3542877,
                    "type": "NPC"
                }
            ],
            "talents": [],
            "gear": []
        },
        {
            "name": "Sarahi",
            "id": 79,
            "guid": 89339197,
            "type": "Warlock",
            "itemLevel": 861,
            "icon": "Warlock-Affliction",
            "total": 78112196,
            "totalReduced": 76630228,
            "activeTime": 501330,
            "activeTimeReduced": 501330,
            "abilities": [
                {
                    "name": "Unstable Affliction",
                    "total": 20746050,
                    "type": 32
                },
                {
                    "name": "Drain Soul",
                    "total": 13228588,
                    "type": 32
                },
                {
                    "name": "Agony",
                    "total": 12535760,
                    "type": 32
                },
                {
                    "name": "Corruption",
                    "total": 8806603,
                    "type": 32
                },
                {
                    "name": "Demonic Power",
                    "total": 8712915,
                    "type": 32
                }
            ],
            "damageAbilities": [],
            "targets": [
                {
                    "name": "Xavius",
                    "total": 55435096,
                    "totalReduced": 54397179,
                    "type": "Boss"
                },
                {
                    "name": "Corruption Horror",
                    "total": 14378512,
                    "totalReduced": 13934461,
                    "type": "NPC"
                },
                {
                    "name": "Nightmare Tentacle",
                    "total": 4710624,
                    "type": "NPC"
                },
                {
                    "name": "Inconceivable Horror",
                    "total": 3587964,
                    "type": "NPC"
                }
            ],
            "talents": [],
            "gear": [],
            "pets": [
                {
                    "name": "Infernal",
                    "id": 91,
                    "guid": 89,
                    "type": "Pet",
                    "icon": 111685,
                    "total": 758279,
                    "totalReduced": 0,
                    "activeTime": 22935
                },
                {
                    "name": "Doomguard",
                    "id": 120,
                    "guid": 11859,
                    "type": "Pet",
                    "icon": 60478,
                    "total": 723689,
                    "totalReduced": 0,
                    "activeTime": 21163
                }
            ]
        },
        {
            "name": "Glacia",
            "id": 78,
            "guid": 120624512,
            "type": "DeathKnight",
            "itemLevel": 858,
            "icon": "DeathKnight-Frost",
            "total": 83006858,
            "activeTime": 501151,
            "activeTimeReduced": 501151,
            "blocked": 40812,
            "abilities": [
                {
                    "name": "Frost Strike",
                    "total": 25039415,
                    "type": 16
                },
                {
                    "name": "Obliterate",
                    "total": 13204854,
                    "type": 1
                },
                {
                    "name": "Frozen Pulse",
                    "total": 9793904,
                    "type": 16
                },
                {
                    "name": "Howling Blast",
                    "total": 9535759,
                    "type": 16
                },
                {
                    "name": "Frost Fever",
                    "total": 8100991,
                    "type": 16
                }
            ],
            "damageAbilities": [],
            "targets": [
                {
                    "name": "Xavius",
                    "total": 55460111,
                    "type": "Boss"
                },
                {
                    "name": "Corruption Horror",
                    "total": 13765516,
                    "type": "NPC"
                },
                {
                    "name": "Nightmare Tentacle",
                    "total": 7460671,
                    "type": "NPC"
                },
                {
                    "name": "Inconceivable Horror",
                    "total": 4536424,
                    "type": "NPC"
                },
                {
                    "name": "Mobear",
                    "total": 1784136,
                    "type": "Druid"
                }
            ],
            "talents": [],
            "gear": []
        },
        {
            "name": "Unknown",
            "id": 94,
            "guid": 148759062,
            "type": "DeathKnight",
            "itemLevel": 868,
            "icon": "DeathKnight-Unholy",
            "total": 156483531,
            "totalReduced": 112867607,
            "activeTime": 500422,
            "activeTimeReduced": 500422,
            "blocked": 139482,
            "abilities": [
                {
                    "name": "Festering Wound",
                    "total": 38079595,
                    "type": 32
                },
                {
                    "name": "Melee",
                    "total": 19693225,
                    "totalReduced": 7193014,
                    "type": 1
                },
                {
                    "name": "Scourge Strike",
                    "total": 18810676,
                    "type": 33
                },
                {
                    "name": "Festering Strike",
                    "total": 16354502,
                    "type": 1
                },
                {
                    "name": "Virulent Plague",
                    "total": 11802183,
                    "type": 32
                }
            ],
            "damageAbilities": [],
            "targets": [
                {
                    "name": "Xavius",
                    "total": 127023028,
                    "totalReduced": 92254509,
                    "type": "Boss"
                },
                {
                    "name": "Nightmare Tentacle",
                    "total": 16568544,
                    "totalReduced": 11146745,
                    "type": "NPC"
                },
                {
                    "name": "Corruption Horror",
                    "total": 12511968,
                    "totalReduced": 9268439,
                    "type": "NPC"
                },
                {
                    "name": "Inconceivable Horror",
                    "total": 361045,
                    "totalReduced": 178968,
                    "type": "NPC"
                },
                {
                    "name": "Mobear",
                    "total": 18946,
                    "type": "Druid"
                }
            ],
            "talents": [],
            "gear": [],
            "pets": [
                {
                    "name": "Shambling Horror",
                    "id": 110,
                    "guid": 97055,
                    "type": "Pet",
                    "icon": 191759,
                    "total": 6248412,
                    "totalReduced": 0,
                    "activeTime": 18918
                },
                {
                    "name": "Army of the Dead",
                    "id": 100,
                    "guid": 24207,
                    "type": "Pet",
                    "icon": 205491,
                    "total": 14485544,
                    "totalReduced": 0,
                    "activeTime": 162112
                },
                {
                    "name": "Festerfoot",
                    "id": 99,
                    "guid": 40619857,
                    "type": "Pet",
                    "icon": "Pet",
                    "total": 19676011,
                    "totalReduced": 0,
                    "activeTime": 498363
                },
                {
                    "name": "Ebon Gargoyle",
                    "id": 109,
                    "guid": 27829,
                    "type": "Pet",
                    "icon": 49206,
                    "total": 3205957,
                    "totalReduced": 0,
                    "activeTime": 110352
                }
            ]
        },
        {
            "name": "Sumobear",
            "id": 11,
            "guid": 176085768,
            "type": "Hunter",
            "itemLevel": 852,
            "icon": "Hunter-BeastMastery",
            "total": 102664603,
            "totalReduced": 24844698,
            "activeTime": 502430,
            "activeTimeReduced": 488255,
            "abilities": [
                {
                    "name": "Kill Command",
                    "total": 24826566,
                    "totalReduced": 0,
                    "type": 1
                },
                {
                    "name": "Melee",
                    "total": 23599003,
                    "totalReduced": 0,
                    "type": 1
                },
                {
                    "name": "Stomp",
                    "total": 12164329,
                    "totalReduced": 0,
                    "type": 1,
                    "petName": "Beast"
                },
                {
                    "name": "A Murder of Crows",
                    "total": 9655559,
                    "type": 1
                },
                {
                    "name": "Bite",
                    "total": 7324325,
                    "totalReduced": 0,
                    "type": 1,
                    "petName": "Itah"
                }
            ],
            "damageAbilities": [],
            "targets": [
                {
                    "name": "Xavius",
                    "total": 70688352,
                    "totalReduced": 18653606,
                    "type": "Boss"
                },
                {
                    "name": "Corruption Horror",
                    "total": 17616832,
                    "totalReduced": 4198654,
                    "type": "NPC"
                },
                {
                    "name": "Inconceivable Horror",
                    "total": 8059122,
                    "totalReduced": 1554649,
                    "type": "NPC"
                },
                {
                    "name": "Nightmare Tentacle",
                    "total": 6033841,
                    "totalReduced": 422286,
                    "type": "NPC"
                },
                {
                    "name": "Mobear",
                    "total": 266456,
                    "totalReduced": 15503,
                    "type": "Druid"
                }
            ],
            "talents": [],
            "gear": [],
            "pets": [
                {
                    "name": "Beast",
                    "id": 86,
                    "guid": 113347,
                    "type": "Pet",
                    "icon": 224575,
                    "total": 20057549,
                    "totalReduced": 0,
                    "activeTime": 489344
                },
                {
                    "name": "Hati",
                    "id": 98,
                    "guid": 106548,
                    "type": "Pet",
                    "icon": "Pet",
                    "total": 17635642,
                    "totalReduced": 0,
                    "activeTime": 500838
                },
                {
                    "name": "Itah",
                    "id": 82,
                    "guid": 41418522,
                    "type": "Pet",
                    "icon": "Pet",
                    "total": 40126714,
                    "totalReduced": 0,
                    "activeTime": 502430
                }
            ]
        }
    ],
    "totalTime": 505426
}